id,Town,Rainfall,Temperature
1,Kigali,107.42,88.7
2,Suru,42.94,79.9
3,Pindorama,200.9,87.9
4,Kigali,175.03,60.6
5,Pashiya,144.28,66.3
6,Pashiya,185.85,95.3
7,Padangulaktanding,213.71,76.6
8,Kinloch,109.51,96.7
9,Lilio,78.05,92.1
10,Padangulaktanding,99.43,79.1
11,Suru,62.13,54.0
12,Pashiya,82.47,85.7
13,Eirado,172.89,101.9
14,Wien,151.3,70.7
15,Lilio,23.25,68.8
16,Eirado,73.4,86.1
17,Tanghu,162.87,90.8
18,Kigali,118.76,74.6
19,Kinloch,1.94,73.4
20,Suru,7.56,83.3
21,Suru,220.12,57.2
22,Kigali,42.11,73.7
23,Wien,8.37,83.8
24,Columbia,64.42,101.2
25,Pindorama,108.35,77.9
26,Lilio,15.15,66.5
27,Milagros,194.13,68.4
28,Lilio,164.91,57.2
29,Suru,45.88,72.7
30,Kigali,208.57,61.4
31,Kigali,75.06,85.4
32,Kigali,108.82,91.4
33,Milagros,33.32,90.7
34,Pashiya,96.36,95.5
35,Wien,192.57,85.3
36,Situsari,60.25,61.8
37,Kigali,190.17,71.5
38,Kigali,139.23,68.5
39,Eirado,143.24,98.9
40,Milagros,148.59,83.5
41,Milagros,164.1,79.4
42,Eirado,52.56,65.6
43,Wien,130.56,67.7
44,Pindorama,187.31,76.1
45,Suru,58.29,94.7
46,Eirado,100.81,59.9
47,Wudil,28.74,71.9
48,Kinloch,154.75,98.9
49,Kigali,190.93,75.1
50,Padangulaktanding,246.61,86.1
51,Tanghu,67.96,71.3
52,Wien,239.7,64.7
53,Kigali,69.56,63.6
54,Kigali,249.79,69.6
55,Tanghu,221.33,91.7
56,Pashiya,245.41,79.9
57,Situsari,26.31,86.0
58,Pashiya,15.76,102.7
59,Wudil,94.28,77.7
60,Vahdat,150.55,62.4
61,Wudil,164.83,66.4
62,Kigali,228.36,79.9
63,Padangulaktanding,14.35,88.6
64,Wudil,128.17,54.9
65,Milagros,120.33,70.8
66,Wudil,83.73,76.6
67,Tanghu,201.38,63.7
68,Vahdat,82.01,60.3
69,Pindorama,176.38,89.9
70,Kigali,51.71,80.8
71,Suru,214.38,92.0
72,Kinloch,61.82,99.5
73,Wien,242.47,73.1
74,Pashiya,233.29,88.2
75,Vahdat,240.53,55.6
76,Kigali,192.91,86.9
77,Tanghu,184.23,93.5
78,Milagros,153.45,60.5
79,Wudil,194.42,56.0
80,Padangulaktanding,82.77,59.7
81,Situsari,224.15,87.1
82,Suru,85.79,57.4
83,Padangulaktanding,15.25,73.7
84,Kigali,22.97,53.9
85,Kinloch,54.47,91.5
86,Wien,64.12,89.2
87,Kigali,210.18,53.6
88,Columbia,16.73,76.1
89,Vahdat,219.2,54.6
90,Milagros,195.87,90.8
91,Pindorama,206.41,62.0
92,Kigali,65.02,82.0
93,Suru,75.02,72.9
94,Kinloch,153.91,61.4
95,Milagros,231.68,77.0
96,Pindorama,172.8,75.7
97,Wudil,87.73,102.4
98,Tanghu,189.23,94.5
99,Padangulaktanding,32.83,61.3
100,Eirado,90.81,72.3
101,Lilio,193.19,61.8
102,Suru,30.42,100.3
103,Tanghu,79.04,98.3
104,Eirado,30.79,58.3
105,Wudil,201.81,91.0
106,Kigali,57.06,94.8
107,Lilio,143.92,97.8
108,Kigali,219.35,102.2
109,Columbia,180.69,76.0
110,Suru,112.65,100.3
111,Pashiya,71.79,93.3
112,Padangulaktanding,115.46,103.4
113,Kinloch,120.63,95.0
114,Columbia,110.11,90.7
115,Milagros,148.96,55.7
116,Vahdat,126.89,94.2
117,Vahdat,189.7,70.1
118,Kigali,76.05,87.6
119,Wudil,160.77,76.6
120,Tanghu,97.96,64.7
121,Padangulaktanding,72.36,94.1
122,Pindorama,193.38,88.7
123,Milagros,8.98,66.1
124,Tanghu,144.61,64.1
125,Wien,30.19,70.2
126,Pindorama,210.6,70.0
127,Kigali,43.91,57.8
128,Kigali,78.85,62.0
129,Columbia,43.13,58.3
130,Pashiya,234.47,89.7
131,Suru,5.82,102.6
132,Lilio,10.23,72.7
133,Pashiya,3.65,55.8
134,Kigali,98.64,87.6
135,Wudil,206.98,75.4
136,Eirado,170.2,65.9
137,Suru,19.77,71.7
138,Eirado,186.89,59.9
139,Columbia,202.87,72.6
140,Tanghu,5.5,94.8
141,Wudil,5.96,83.8
142,Lilio,223.19,65.8
143,Kigali,179.59,71.3
144,Wien,115.65,85.7
145,Lilio,124.1,91.3
146,Kigali,247.02,69.1
147,Eirado,201.5,61.8
148,Kigali,13.51,75.3
149,Columbia,112.21,86.8
150,Situsari,247.15,101.9
151,Wudil,73.59,90.3
152,Padangulaktanding,79.0,90.5
153,Eirado,223.55,59.4
154,Padangulaktanding,112.32,102.7
155,Milagros,47.55,95.0
156,Vahdat,216.91,91.1
157,Lilio,144.76,73.1
158,Pindorama,117.71,93.7
159,Padangulaktanding,81.12,74.9
160,Lilio,164.08,88.6
161,Milagros,218.1,94.7
162,Pashiya,31.93,71.1
163,Wudil,1.67,74.2
164,Pindorama,77.9,60.7
165,Situsari,240.42,103.9
166,Eirado,26.56,64.5
167,Lilio,220.35,68.2
168,Columbia,36.01,88.5
169,Pashiya,220.05,66.5
170,Columbia,237.68,69.3
171,Padangulaktanding,19.91,92.0
172,Wien,245.68,90.3
173,Pashiya,57.32,67.5
174,Columbia,65.64,73.5
175,Kigali,226.85,102.1
176,Kigali,68.84,55.4
177,Kigali,199.44,77.7
178,Wien,125.17,53.8
179,Eirado,19.71,58.7
180,Padangulaktanding,148.68,69.4
181,Suru,127.65,97.0
182,Kigali,122.61,56.5
183,Situsari,120.52,86.9
184,Padangulaktanding,97.8,75.7
185,Pashiya,181.32,69.5
186,Pashiya,103.42,79.5
187,Lilio,206.65,95.1
188,Kigali,27.03,91.6
189,Wudil,61.06,98.2
190,Kigali,3.17,66.4
191,Wien,191.32,81.6
192,Wudil,239.01,54.0
193,Pindorama,184.84,57.5
194,Kigali,89.52,76.2
195,Columbia,223.43,89.7
196,Situsari,85.71,64.8
197,Padangulaktanding,193.68,102.9
198,Suru,199.56,67.2
199,Pindorama,110.77,68.1
200,Kigali,193.21,83.0
201,Kinloch,56.04,74.9
202,Situsari,55.19,94.3
203,Wien,128.72,98.2
204,Vahdat,48.14,80.9
205,Padangulaktanding,128.5,93.0
206,Kinloch,11.09,53.3
207,Wien,147.71,66.7
208,Eirado,39.83,59.5
209,Situsari,166.34,99.6
210,Eirado,6.25,57.6
211,Kigali,237.18,97.8
212,Suru,40.87,95.4
213,Eirado,142.38,78.0
214,Kinloch,245.04,67.5
215,Padangulaktanding,219.15,89.1
216,Situsari,103.48,56.7
217,Milagros,194.07,103.6
218,Pashiya,127.06,99.6
219,Kinloch,99.04,82.2
220,Suru,119.95,82.9
221,Vahdat,173.3,71.3
222,Suru,157.15,73.4
223,Lilio,5.3,87.3
224,Wien,39.53,75.2
225,Pindorama,244.67,97.5
226,Milagros,6.68,94.5
227,Vahdat,187.89,83.6
228,Tanghu,240.16,66.9
229,Vahdat,247.12,98.4
230,Padangulaktanding,197.44,76.3
231,Situsari,184.98,78.4
232,Tanghu,209.97,79.8
233,Eirado,236.25,80.9
234,Kigali,246.06,81.1
235,Kinloch,68.54,101.7
236,Kigali,78.35,55.1
237,Padangulaktanding,35.31,54.1
238,Pindorama,125.78,74.6
239,Columbia,92.95,58.1
240,Tanghu,208.6,98.2
241,Situsari,171.42,69.2
242,Tanghu,183.14,102.2
243,Pashiya,139.08,68.5
244,Suru,215.04,88.6
245,Wudil,240.19,57.6
246,Wudil,112.07,94.1
247,Situsari,210.87,97.0
248,Kigali,48.18,74.7
249,Padangulaktanding,141.2,76.7
250,Suru,32.01,88.5
251,Milagros,158.14,96.4
252,Eirado,138.7,66.6
253,Columbia,242.29,75.1
254,Kinloch,3.59,69.4
255,Padangulaktanding,129.15,98.5
256,Kigali,197.65,72.2
257,Lilio,227.59,101.5
258,Suru,8.89,86.8
259,Kigali,83.81,53.7
260,Kigali,133.3,55.4
261,Pindorama,47.95,55.5
262,Tanghu,248.05,55.0
263,Milagros,176.1,55.5
264,Kinloch,137.58,82.4
265,Kinloch,154.43,93.0
266,Kigali,200.15,103.7
267,Pashiya,40.13,61.6
268,Padangulaktanding,13.64,89.0
269,Milagros,140.06,102.3
270,Lilio,220.92,80.9
271,Padangulaktanding,173.38,66.9
272,Kinloch,164.61,68.1
273,Columbia,236.75,81.9
274,Tanghu,241.8,91.7
275,Lilio,17.52,95.2
276,Padangulaktanding,233.48,62.0
277,Padangulaktanding,166.77,99.4
278,Padangulaktanding,213.43,96.8
279,Kigali,96.55,70.0
280,Vahdat,169.57,84.0
281,Wien,110.36,70.0
282,Vahdat,174.93,73.3
283,Situsari,97.59,85.1
284,Vahdat,237.46,87.2
285,Wien,46.77,99.6
286,Columbia,60.92,56.3
287,Kigali,40.79,63.2
288,Vahdat,123.98,61.0
289,Padangulaktanding,116.19,93.4
290,Pindorama,213.99,75.8
291,Lilio,127.45,69.6
292,Padangulaktanding,35.26,99.7
293,Eirado,117.89,86.2
294,Kinloch,102.73,77.8
295,Pindorama,156.85,62.0
296,Situsari,125.9,87.0
297,Lilio,185.94,54.9
298,Vahdat,51.47,53.4
299,Columbia,119.3,92.8
300,Situsari,28.1,65.2
301,Kigali,176.99,79.9
302,Vahdat,13.55,63.3
303,Lilio,109.21,101.0
304,Wudil,140.04,91.6
305,Situsari,41.38,102.7
306,Kinloch,153.7,77.6
307,Pashiya,201.97,88.3
308,Kinloch,150.79,91.0
309,Pashiya,145.26,91.6
310,Pashiya,166.01,93.8
311,Vahdat,84.39,67.2
312,Kigali,134.67,88.8
313,Tanghu,67.83,58.5
314,Lilio,218.05,77.5
315,Tanghu,29.46,76.6
316,Wien,205.92,66.3
317,Lilio,153.75,82.8
318,Suru,18.09,81.9
319,Milagros,92.08,75.1
320,Wudil,36.35,80.3
321,Wudil,179.36,68.4
322,Situsari,156.16,82.5
323,Situsari,235.17,74.3
324,Pindorama,168.47,88.5
325,Columbia,153.97,100.1
326,Kigali,196.83,67.5
327,Padangulaktanding,37.78,96.3
328,Situsari,16.75,96.8
329,Tanghu,204.2,92.8
330,Columbia,132.69,94.6
331,Lilio,217.55,64.5
332,Milagros,106.06,61.7
333,Kigali,247.15,89.6
334,Kigali,65.09,70.5
335,Milagros,206.54,71.3
336,Kigali,46.97,83.6
337,Kigali,18.93,72.6
338,Kigali,101.2,91.0
339,Vahdat,246.23,73.2
340,Pashiya,63.2,70.2
341,Wien,25.31,98.9
342,Suru,78.37,103.0
343,Wien,86.56,75.0
344,Padangulaktanding,150.06,102.5
345,Kigali,87.63,75.5
346,Tanghu,65.71,95.4
347,Kigali,77.55,72.2
348,Columbia,152.82,88.3
349,Milagros,112.1,71.7
350,Wien,162.44,86.7
351,Tanghu,94.09,74.7
352,Columbia,77.12,84.1
353,Wien,224.66,70.0
354,Kigali,169.67,91.1
355,Columbia,47.78,88.7
356,Kinloch,209.37,103.9
357,Milagros,6.96,77.5
358,Columbia,213.77,84.2
359,Padangulaktanding,17.49,71.0
360,Wien,210.84,84.6
361,Wudil,125.09,100.9
362,Kinloch,198.49,90.6
363,Milagros,223.19,89.8
364,Vahdat,26.13,102.0
365,Kinloch,108.17,65.0
366,Milagros,206.82,103.0
367,Kigali,37.08,82.2
368,Milagros,11.12,71.5
369,Kigali,93.14,99.0
370,Suru,226.7,87.2
371,Kigali,72.12,74.7
372,Milagros,95.85,81.4
373,Padangulaktanding,22.32,54.7
374,Situsari,67.7,65.5
375,Kinloch,215.05,95.7
376,Kigali,120.96,62.1
377,Columbia,180.16,91.1
378,Kigali,163.76,80.4
379,Pashiya,243.36,84.6
380,Suru,74.53,77.8
381,Wudil,211.17,97.0
382,Kigali,200.92,70.2
383,Pindorama,137.52,56.7
384,Tanghu,111.91,80.3
385,Wien,172.8,82.3
386,Wien,83.02,63.4
387,Kigali,222.26,54.8
388,Pindorama,109.5,80.4
389,Padangulaktanding,178.7,62.0
390,Kinloch,169.15,94.6
391,Eirado,106.74,58.4
392,Lilio,14.29,62.2
393,Kinloch,209.35,83.6
394,Columbia,47.35,101.4
395,Tanghu,67.87,64.2
396,Lilio,175.88,93.3
397,Pashiya,25.08,61.9
398,Vahdat,156.49,82.6
399,Vahdat,157.93,77.3
400,Kigali,199.51,65.3
401,Wudil,142.55,88.8
402,Kigali,8.45,101.0
403,Kigali,40.81,74.5
404,Tanghu,10.88,103.2
405,Kigali,129.48,58.2
406,Wudil,206.45,61.7
407,Padangulaktanding,102.61,74.2
408,Pindorama,33.98,75.0
409,Pashiya,1.54,80.3
410,Kigali,24.02,80.0
411,Suru,67.79,53.1
412,Pindorama,151.88,103.9
413,Tanghu,164.87,55.3
414,Kigali,225.68,95.3
415,Pashiya,187.79,83.0
416,Lilio,36.81,61.2
417,Eirado,172.12,71.3
418,Milagros,13.2,81.0
419,Padangulaktanding,47.94,89.6
420,Columbia,236.02,92.7
421,Kigali,224.53,93.9
422,Kigali,176.82,94.4
423,Columbia,44.88,60.3
424,Milagros,212.32,91.3
425,Pindorama,149.55,86.6
426,Tanghu,222.26,93.7
427,Kigali,189.66,78.8
428,Padangulaktanding,75.73,60.1
429,Kigali,122.14,63.8
430,Eirado,203.92,77.6
431,Tanghu,128.84,61.6
432,Kinloch,88.74,74.0
433,Pindorama,144.24,90.3
434,Padangulaktanding,149.01,97.2
435,Pashiya,78.93,100.1
436,Milagros,174.45,70.4
437,Suru,188.17,59.5
438,Kigali,117.64,93.8
439,Lilio,174.52,58.2
440,Kigali,242.85,72.0
441,Pindorama,189.28,88.5
442,Columbia,4.41,59.5
443,Pashiya,73.81,72.8
444,Tanghu,181.09,102.8
445,Wudil,85.76,70.4
446,Kigali,199.8,83.9
447,Kigali,47.86,103.2
448,Columbia,62.29,68.8
449,Kinloch,58.56,81.1
450,Pindorama,164.97,74.0
451,Kigali,53.32,81.3
452,Suru,10.16,88.8
453,Wudil,218.11,82.6
454,Kigali,224.07,56.1
455,Vahdat,188.03,79.5
456,Vahdat,73.14,92.5
457,Tanghu,120.72,68.5
458,Vahdat,130.7,65.7
459,Situsari,246.76,79.8
460,Eirado,144.19,84.3
461,Wudil,104.76,99.0
462,Tanghu,163.48,67.0
463,Situsari,212.88,97.6
464,Wien,84.79,92.0
465,Pindorama,108.07,69.2
466,Suru,184.28,95.6
467,Padangulaktanding,74.85,86.2
468,Wudil,147.72,54.2
469,Milagros,26.76,97.0
470,Pashiya,137.46,88.2
471,Kigali,180.83,91.0
472,Eirado,51.51,70.6
473,Vahdat,191.24,75.7
474,Wien,123.77,99.7
475,Kigali,63.37,102.2
476,Milagros,231.62,81.1
477,Tanghu,55.2,76.3
478,Pindorama,59.22,98.5
479,Vahdat,88.85,62.5
480,Kinloch,73.56,59.6
481,Eirado,59.79,57.7
482,Padangulaktanding,97.38,82.0
483,Pashiya,143.42,87.6
484,Vahdat,155.21,79.1
485,Situsari,216.55,78.4
486,Vahdat,224.47,72.5
487,Kigali,65.85,95.9
488,Eirado,35.59,90.4
489,Suru,137.0,67.5
490,Kigali,202.54,103.8
491,Vahdat,234.66,88.3
492,Wien,197.99,75.8
493,Columbia,29.31,75.5
494,Kinloch,36.27,82.6
495,Vahdat,52.77,78.2
496,Kigali,212.72,58.0
497,Eirado,27.6,86.2
498,Kigali,111.25,64.7
499,Situsari,201.0,71.7
500,Kigali,103.09,64.2
501,Vahdat,147.97,54.5
502,Wudil,222.25,61.9
503,Pindorama,27.54,87.3
504,Wien,26.02,103.5
505,Columbia,146.09,76.5
506,Vahdat,187.22,83.6
507,Lilio,40.28,60.6
508,Kigali,3.51,95.5
509,Tanghu,146.82,71.7
510,Milagros,212.0,99.6
511,Padangulaktanding,46.08,54.3
512,Suru,71.77,91.2
513,Kinloch,102.35,76.3
514,Kigali,97.21,55.7
515,Kigali,55.58,73.9
516,Tanghu,35.57,82.4
517,Kigali,227.18,88.9
518,Lilio,218.71,71.7
519,Milagros,56.12,95.3
520,Lilio,223.33,103.7
521,Vahdat,72.48,72.0
522,Kigali,110.15,88.2
523,Wudil,44.41,77.7
524,Vahdat,103.22,73.9
525,Situsari,133.13,83.1
526,Kinloch,59.71,77.6
527,Wudil,100.2,76.5
528,Kigali,51.29,56.0
529,Wien,79.58,65.6
530,Vahdat,81.14,63.8
531,Wudil,131.72,69.7
532,Wien,1.02,57.7
533,Pashiya,203.06,101.4
534,Pindorama,9.96,91.9
535,Situsari,69.27,54.2
536,Padangulaktanding,6.22,91.4
537,Columbia,222.7,68.0
538,Padangulaktanding,80.28,103.7
539,Kigali,39.6,67.7
540,Pindorama,189.72,87.6
541,Kinloch,178.12,101.0
542,Columbia,249.04,96.2
543,Padangulaktanding,206.7,90.1
544,Kinloch,38.19,76.3
545,Wien,233.53,65.8
546,Milagros,177.42,65.6
547,Eirado,56.13,76.2
548,Padangulaktanding,74.97,87.2
549,Columbia,78.8,66.5
550,Eirado,113.46,73.1
551,Padangulaktanding,32.62,94.8
552,Suru,79.22,98.6
553,Tanghu,94.94,74.1
554,Padangulaktanding,200.73,55.7
555,Pashiya,39.05,85.9
556,Milagros,179.28,84.8
557,Situsari,243.48,90.2
558,Columbia,64.76,86.9
559,Pindorama,153.56,100.8
560,Situsari,1.85,78.3
561,Milagros,155.6,101.9
562,Lilio,108.22,73.8
563,Tanghu,148.44,99.3
564,Lilio,204.96,95.8
565,Milagros,74.44,93.9
566,Wudil,157.49,65.1
567,Pashiya,44.67,76.1
568,Eirado,5.4,55.4
569,Kinloch,246.24,61.7
570,Lilio,43.17,102.5
571,Suru,64.43,98.2
572,Pashiya,15.67,87.2
573,Kigali,98.82,68.7
574,Vahdat,215.04,77.8
575,Columbia,20.63,85.7
576,Wudil,96.78,55.1
577,Columbia,213.17,94.9
578,Columbia,23.56,101.2
579,Suru,87.56,71.2
580,Vahdat,138.11,69.4
581,Situsari,247.39,85.1
582,Pindorama,34.84,103.5
583,Columbia,229.88,97.2
584,Suru,210.19,90.4
585,Wien,194.51,81.1
586,Wudil,210.02,68.3
587,Kigali,9.71,76.7
588,Kigali,52.57,93.4
589,Columbia,77.17,69.5
590,Pindorama,59.71,73.1
591,Kigali,71.34,93.9
592,Wudil,198.77,95.1
593,Kigali,98.24,72.1
594,Wudil,181.55,68.1
595,Kigali,196.87,87.3
596,Lilio,249.16,55.1
597,Situsari,83.57,82.0
598,Vahdat,20.82,92.3
599,Columbia,151.09,64.5
600,Milagros,59.07,81.8
601,Pashiya,231.78,83.3
602,Kigali,244.75,67.4
603,Wien,138.63,60.6
604,Milagros,176.16,84.2
605,Kigali,28.47,55.1
606,Suru,140.24,59.2
607,Columbia,43.55,95.1
608,Tanghu,108.23,76.7
609,Situsari,176.68,69.4
610,Kinloch,138.73,83.3
611,Milagros,210.57,72.4
612,Kigali,39.26,77.8
613,Kigali,109.94,95.9
614,Situsari,147.44,82.0
615,Lilio,208.23,95.8
616,Wien,103.18,87.4
617,Milagros,57.66,82.7
618,Wien,202.05,62.2
619,Lilio,208.76,94.3
620,Lilio,230.36,86.2
621,Columbia,204.54,73.6
622,Kigali,175.05,63.8
623,Kinloch,145.29,89.6
624,Kigali,113.97,65.4
625,Kigali,164.98,70.2
626,Tanghu,65.64,66.4
627,Pindorama,64.64,72.3
628,Kigali,36.12,67.9
629,Padangulaktanding,37.52,96.0
630,Kigali,164.21,81.3
631,Padangulaktanding,97.91,69.5
632,Pashiya,116.92,71.3
633,Wudil,226.21,84.3
634,Situsari,12.91,85.6
635,Eirado,209.8,69.7
636,Milagros,49.63,89.2
637,Padangulaktanding,140.42,76.0
638,Lilio,207.76,101.4
639,Pashiya,123.2,71.7
640,Kinloch,199.6,64.2
641,Wudil,6.77,94.4
642,Padangulaktanding,147.46,71.1
643,Suru,109.22,73.4
644,Situsari,176.38,65.3
645,Kigali,247.2,79.7
646,Wien,204.53,67.2
647,Milagros,247.78,59.6
648,Situsari,41.81,72.6
649,Suru,148.21,76.6
650,Wien,149.3,84.6
651,Lilio,116.34,98.0
652,Milagros,54.57,95.7
653,Pindorama,89.23,84.8
654,Padangulaktanding,136.72,90.2
655,Lilio,216.76,71.7
656,Columbia,23.56,88.4
657,Kinloch,206.3,70.1
658,Columbia,89.24,66.2
659,Kigali,120.6,102.3
660,Eirado,169.46,98.2
661,Tanghu,248.02,73.9
662,Tanghu,86.4,101.1
663,Pindorama,94.54,67.1
664,Padangulaktanding,32.36,93.7
665,Pashiya,172.69,101.0
666,Lilio,174.48,79.7
667,Eirado,154.7,70.5
668,Pashiya,202.72,97.1
669,Kinloch,159.3,89.3
670,Wudil,89.77,66.0
671,Kigali,114.37,97.9
672,Lilio,126.21,103.8
673,Eirado,76.39,93.6
674,Kigali,97.76,54.8
675,Kigali,206.72,97.4
676,Columbia,179.78,91.2
677,Kinloch,113.21,89.6
678,Padangulaktanding,207.68,84.8
679,Suru,1.15,85.8
680,Eirado,172.82,74.5
681,Kigali,61.61,92.8
682,Vahdat,85.19,94.7
683,Milagros,193.8,64.1
684,Kigali,100.76,101.0
685,Milagros,125.24,80.6
686,Wudil,113.19,75.8
687,Kigali,206.46,97.6
688,Kigali,84.41,77.3
689,Pashiya,103.25,94.0
690,Lilio,166.89,85.0
691,Pashiya,132.97,62.6
692,Padangulaktanding,189.32,55.5
693,Kigali,175.31,72.6
694,Milagros,134.18,65.4
695,Kigali,240.99,95.5
696,Padangulaktanding,27.48,84.9
697,Tanghu,61.25,68.3
698,Suru,5.27,80.7
699,Wudil,181.22,103.4
700,Columbia,26.56,88.1
701,Padangulaktanding,87.47,89.0
702,Columbia,172.26,60.3
703,Columbia,64.09,62.0
704,Pindorama,23.41,99.1
705,Wudil,203.98,102.1
706,Situsari,53.01,87.9
707,Padangulaktanding,238.27,69.4
708,Wien,72.59,102.0
709,Tanghu,209.47,62.3
710,Columbia,187.05,69.9
711,Kigali,27.82,74.4
712,Pindorama,140.41,98.1
713,Columbia,106.29,68.7
714,Kinloch,58.13,81.5
715,Kigali,164.25,58.1
716,Kinloch,116.2,89.4
717,Kinloch,143.55,89.3
718,Pindorama,148.96,69.6
719,Vahdat,225.06,67.3
720,Pashiya,123.8,85.9
721,Columbia,44.44,53.4
722,Milagros,62.48,81.5
723,Kigali,15.5,66.9
724,Columbia,247.39,97.2
725,Milagros,215.43,79.1
726,Padangulaktanding,157.01,57.8
727,Eirado,115.65,57.9
728,Pashiya,122.95,60.1
729,Wien,44.26,60.3
730,Kigali,58.91,69.8
731,Kigali,106.83,71.2
732,Suru,194.75,91.4
733,Vahdat,148.28,64.1
734,Wien,188.36,79.7
735,Pashiya,132.67,100.3
736,Situsari,193.26,56.4
737,Milagros,165.72,61.9
738,Wudil,98.25,78.7
739,Kinloch,181.26,96.3
740,Pindorama,42.55,76.1
741,Kinloch,48.66,94.3
742,Lilio,86.77,102.5
743,Tanghu,228.35,98.3
744,Wudil,169.29,88.5
745,Kigali,189.93,84.0
746,Milagros,50.6,100.3
747,Pindorama,77.93,71.7
748,Kinloch,116.27,62.7
749,Wudil,4.28,68.8
750,Pashiya,93.05,75.9
751,Pashiya,237.74,78.6
752,Tanghu,185.14,73.5
753,Situsari,162.08,62.8
754,Kigali,109.16,88.9
755,Tanghu,113.3,73.9
756,Lilio,23.64,63.0
757,Vahdat,152.08,81.7
758,Columbia,187.6,78.1
759,Lilio,225.08,91.9
760,Kigali,153.33,62.2
761,Eirado,82.63,60.4
762,Lilio,104.18,71.8
763,Tanghu,26.74,65.0
764,Vahdat,14.36,66.8
765,Suru,134.99,60.9
766,Eirado,243.83,96.5
767,Kigali,91.77,98.3
768,Kigali,135.8,101.4
769,Vahdat,6.8,87.4
770,Tanghu,145.13,59.5
771,Wudil,159.29,84.6
772,Columbia,65.23,63.3
773,Wudil,224.57,79.8
774,Kigali,173.35,91.1
775,Kigali,191.87,78.8
776,Lilio,65.78,64.5
777,Suru,245.93,81.6
778,Milagros,151.95,68.6
779,Eirado,181.29,74.0
780,Pindorama,219.27,89.6
781,Columbia,32.84,61.4
782,Eirado,149.76,73.8
783,Pindorama,218.99,79.3
784,Lilio,78.38,54.6
785,Tanghu,220.91,68.8
786,Kinloch,135.63,93.3
787,Padangulaktanding,179.19,68.3
788,Vahdat,167.43,103.0
789,Columbia,238.03,59.2
790,Pindorama,121.56,61.5
791,Vahdat,4.05,96.4
792,Wien,117.95,89.3
793,Columbia,83.4,103.0
794,Wudil,160.0,63.9
795,Situsari,245.77,91.0
796,Wudil,117.23,62.7
797,Milagros,69.76,97.8
798,Pashiya,51.47,75.7
799,Lilio,170.21,72.4
800,Pashiya,87.34,55.8
801,Vahdat,137.14,70.7
802,Pindorama,10.86,83.3
803,Situsari,186.89,75.8
804,Situsari,126.63,86.2
805,Situsari,238.06,58.8
806,Padangulaktanding,134.81,70.8
807,Kigali,188.98,77.6
808,Vahdat,141.17,79.0
809,Wudil,241.02,96.8
810,Wudil,227.3,83.6
811,Suru,78.9,66.9
812,Columbia,156.3,80.6
813,Tanghu,230.08,79.1
814,Tanghu,21.97,81.0
815,Padangulaktanding,199.32,69.6
816,Pashiya,230.87,90.4
817,Tanghu,206.53,65.9
818,Kinloch,197.26,97.0
819,Kigali,43.64,85.1
820,Milagros,172.42,65.6
821,Vahdat,159.45,66.2
822,Wudil,111.99,67.8
823,Suru,159.51,89.0
824,Situsari,55.14,65.7
825,Milagros,131.85,56.9
826,Milagros,205.2,95.2
827,Kigali,209.52,88.7
828,Kigali,132.49,78.9
829,Wien,49.81,77.5
830,Columbia,37.35,84.2
831,Columbia,75.8,78.1
832,Padangulaktanding,105.95,56.4
833,Suru,132.28,86.2
834,Wudil,211.33,80.2
835,Kigali,84.6,53.7
836,Milagros,246.19,100.2
837,Wien,70.92,85.7
838,Padangulaktanding,34.58,80.2
839,Pindorama,158.13,58.0
840,Kinloch,30.42,76.0
841,Pashiya,187.98,96.8
842,Kigali,185.68,66.7
843,Situsari,156.92,64.8
844,Wudil,43.03,86.0
845,Suru,7.8,93.2
846,Wudil,117.08,81.9
847,Eirado,65.09,85.0
848,Pindorama,55.5,68.5
849,Kigali,187.06,64.2
850,Wudil,112.26,85.2
851,Columbia,197.71,84.6
852,Eirado,59.38,88.5
853,Kinloch,175.85,72.2
854,Wudil,59.13,71.1
855,Kigali,100.94,97.6
856,Vahdat,38.48,65.7
857,Pindorama,51.35,59.5
858,Kigali,99.37,74.0
859,Kigali,34.74,63.4
860,Pashiya,125.44,56.5
861,Lilio,241.3,90.0
862,Pashiya,13.49,95.2
863,Kigali,64.58,57.3
864,Pashiya,73.94,77.6
865,Suru,60.01,65.6
866,Wien,30.16,81.9
867,Suru,109.09,85.5
868,Eirado,100.42,69.8
869,Columbia,152.38,83.1
870,Milagros,102.29,58.0
871,Milagros,165.84,87.7
872,Vahdat,31.74,95.2
873,Milagros,216.81,97.6
874,Suru,56.63,91.6
875,Columbia,201.48,103.5
876,Kinloch,140.61,61.1
877,Eirado,30.69,100.9
878,Pindorama,190.99,88.4
879,Kigali,21.65,96.0
880,Lilio,233.89,79.9
881,Kigali,112.14,77.4
882,Situsari,196.94,56.4
883,Pindorama,75.16,98.9
884,Padangulaktanding,116.25,94.9
885,Situsari,72.18,79.6
886,Tanghu,113.93,87.3
887,Situsari,242.84,81.6
888,Padangulaktanding,119.71,102.6
889,Milagros,31.56,82.6
890,Kinloch,99.26,101.1
891,Wudil,155.67,86.6
892,Milagros,228.3,64.4
893,Tanghu,115.67,94.1
894,Kinloch,191.45,63.7
895,Situsari,223.06,56.3
896,Kigali,48.7,53.1
897,Kigali,242.22,94.5
898,Milagros,75.18,67.8
899,Kinloch,26.25,89.8
900,Situsari,144.06,62.9
901,Kigali,229.84,79.7
902,Wien,226.78,57.4
903,Kigali,153.76,85.6
904,Kinloch,41.71,71.9
905,Lilio,94.97,53.4
906,Tanghu,28.77,58.4
907,Milagros,131.52,64.4
908,Lilio,156.03,71.0
909,Wien,108.46,56.8
910,Wudil,165.94,54.9
911,Lilio,240.19,71.9
912,Kinloch,136.36,54.9
913,Lilio,88.87,53.1
914,Kigali,87.32,57.1
915,Eirado,77.67,103.3
916,Kigali,9.14,88.9
917,Vahdat,65.42,97.0
918,Pindorama,134.41,69.2
919,Vahdat,177.25,67.5
920,Wien,235.78,91.0
921,Wudil,72.48,70.1
922,Kigali,28.46,85.5
923,Wudil,240.63,54.1
924,Kinloch,169.99,90.5
925,Kinloch,138.45,65.9
926,Suru,125.44,70.9
927,Pindorama,86.17,66.9
928,Pindorama,40.86,56.7
929,Columbia,229.76,72.2
930,Lilio,234.97,94.0
931,Padangulaktanding,98.03,102.4
932,Kinloch,62.78,96.2
933,Eirado,229.82,86.1
934,Wudil,172.8,75.2
935,Kinloch,193.01,91.5
936,Wien,233.39,60.0
937,Eirado,244.38,99.7
938,Tanghu,21.81,91.4
939,Kigali,186.93,71.9
940,Kinloch,169.93,78.3
941,Tanghu,6.79,73.3
942,Vahdat,171.91,93.3
943,Situsari,74.96,77.7
944,Kigali,155.68,91.3
945,Wien,184.13,88.2
946,Kigali,79.83,55.7
947,Situsari,195.81,66.6
948,Lilio,199.67,71.2
949,Milagros,136.98,75.1
950,Pashiya,241.17,69.4
951,Suru,105.07,63.5
952,Pindorama,216.98,102.1
953,Kigali,40.72,101.0
954,Tanghu,221.3,62.0
955,Pindorama,241.5,53.9
956,Tanghu,39.92,55.3
957,Lilio,163.47,82.4
958,Milagros,229.16,102.7
959,Lilio,82.31,67.5
960,Kigali,207.49,88.1
961,Suru,249.47,76.1
962,Milagros,46.73,79.6
963,Eirado,147.83,87.7
964,Columbia,162.74,56.3
965,Kinloch,22.52,71.4
966,Suru,213.46,89.8
967,Padangulaktanding,109.98,99.5
968,Situsari,179.9,60.9
969,Milagros,80.69,74.8
970,Kigali,61.5,86.7
971,Wien,210.6,103.8
972,Suru,236.1,77.7
973,Suru,172.72,98.5
974,Milagros,155.03,89.0
975,Lilio,245.0,97.9
976,Columbia,37.6,99.0
977,Wudil,145.83,78.4
978,Wien,33.65,94.4
979,Padangulaktanding,156.8,69.0
980,Wudil,191.65,69.9
981,Suru,117.67,68.5
982,Situsari,195.56,71.9
983,Lilio,231.09,71.9
984,Eirado,151.91,80.1
985,Columbia,154.92,53.1
986,Columbia,108.0,94.5
987,Padangulaktanding,189.78,67.7
988,Wien,71.25,90.9
989,Eirado,178.21,77.2
990,Padangulaktanding,140.33,57.8
991,Situsari,25.76,100.6
992,Eirado,114.64,100.9
993,Wien,220.37,99.1
994,Wudil,194.19,66.2
995,Eirado,168.88,55.0
996,Eirado,229.26,86.2
997,Kinloch,247.5,60.4
998,Suru,211.92,98.1
999,Wien,206.59,84.5
1000,Lilio,13.67,97.8
1001,Situsari,18.34,102.5
1002,Pindorama,53.85,63.5
1003,Wudil,138.73,86.3
1004,Suru,130.42,104.0
1005,Wien,90.12,91.4
1006,Situsari,45.52,54.3
1007,Wudil,72.27,91.4
1008,Vahdat,9.85,80.2
1009,Kinloch,52.13,91.3
1010,Vahdat,72.78,72.9
1011,Tanghu,240.26,66.5
1012,Tanghu,215.34,94.0
1013,Padangulaktanding,239.55,67.7
1014,Kigali,72.84,96.3
1015,Tanghu,215.92,61.7
1016,Pashiya,154.52,56.1
1017,Vahdat,209.61,103.7
1018,Lilio,229.1,77.4
1019,Kigali,218.15,85.3
1020,Tanghu,53.37,94.9
1021,Padangulaktanding,236.42,83.4
1022,Columbia,57.14,80.5
1023,Pashiya,16.77,79.7
1024,Wudil,101.95,88.0
1025,Eirado,182.25,54.4
1026,Columbia,146.17,86.8
1027,Kigali,226.26,102.6
1028,Kinloch,164.9,101.7
1029,Eirado,151.19,56.8
1030,Kinloch,207.51,92.4
1031,Columbia,95.08,68.0
1032,Tanghu,221.94,73.5
1033,Wudil,46.03,98.3
1034,Tanghu,71.13,57.0
1035,Milagros,227.11,78.5
1036,Kigali,7.5,91.6
1037,Eirado,38.64,60.8
1038,Lilio,8.05,94.9
1039,Vahdat,32.89,98.5
1040,Kigali,130.76,59.5
1041,Kigali,180.35,67.9
1042,Lilio,137.22,103.4
1043,Kinloch,105.15,92.9
1044,Lilio,64.37,54.2
1045,Kigali,103.07,58.3
1046,Suru,106.6,70.8
1047,Columbia,242.78,53.6
1048,Kigali,115.19,101.5
1049,Wudil,211.12,90.4
1050,Wien,134.73,71.0
1051,Vahdat,189.5,65.9
1052,Lilio,108.54,59.5
1053,Pindorama,186.01,96.8
1054,Milagros,193.52,60.2
1055,Kigali,232.59,91.9
1056,Wien,241.11,71.8
1057,Situsari,202.58,54.3
1058,Eirado,245.37,96.0
1059,Situsari,241.54,99.2
1060,Pashiya,216.72,55.0
1061,Wudil,113.34,87.7
1062,Kinloch,103.69,93.8
1063,Columbia,101.8,62.9
1064,Kigali,183.62,94.9
1065,Lilio,24.73,57.7
1066,Eirado,143.66,57.7
1067,Tanghu,52.69,85.7
1068,Pashiya,73.94,90.0
1069,Milagros,217.91,58.3
1070,Wien,244.89,87.2
1071,Suru,29.5,87.6
1072,Pindorama,176.76,60.3
1073,Kigali,113.58,54.2
1074,Padangulaktanding,26.65,93.7
1075,Milagros,232.37,101.5
1076,Situsari,246.61,80.6
1077,Kigali,114.31,61.9
1078,Situsari,108.98,72.9
1079,Wudil,165.97,90.8
1080,Kigali,7.58,88.3
1081,Columbia,187.28,69.7
1082,Kigali,177.61,71.4
1083,Kinloch,140.26,54.0
1084,Suru,53.77,76.5
1085,Kigali,1.03,102.6
1086,Tanghu,143.59,68.9
1087,Kigali,157.36,64.1
1088,Wien,104.25,79.3
1089,Milagros,88.62,68.7
1090,Pindorama,203.37,87.3
1091,Pashiya,244.54,84.9
1092,Kigali,235.04,84.1
1093,Tanghu,247.19,95.5
1094,Suru,70.94,97.0
1095,Situsari,58.56,89.2
1096,Eirado,119.65,98.1
1097,Padangulaktanding,65.26,66.7
1098,Situsari,144.99,96.9
1099,Wudil,146.84,62.8
1100,Milagros,39.76,103.6
1101,Kigali,192.95,85.1
1102,Milagros,45.68,100.1
1103,Pindorama,75.04,83.6
1104,Milagros,101.75,84.2
1105,Tanghu,247.77,95.9
1106,Eirado,115.38,84.1
1107,Wien,162.07,99.0
1108,Vahdat,40.61,102.2
1109,Kigali,45.71,97.6
1110,Padangulaktanding,179.88,84.6
1111,Pashiya,48.77,96.7
1112,Kigali,183.23,83.0
1113,Kigali,176.35,94.5
1114,Kigali,120.9,54.6
1115,Situsari,91.98,95.8
1116,Kinloch,46.17,53.7
1117,Milagros,161.13,101.0
1118,Kinloch,203.5,94.9
1119,Kigali,79.59,91.7
1120,Columbia,154.02,85.3
1121,Pindorama,121.29,75.9
1122,Kigali,161.52,72.9
1123,Tanghu,76.44,73.9
1124,Vahdat,161.45,70.0
1125,Padangulaktanding,10.85,90.4
1126,Columbia,51.66,79.1
1127,Eirado,51.35,55.8
1128,Lilio,238.85,92.5
1129,Vahdat,72.66,64.0
1130,Pindorama,65.35,98.4
1131,Milagros,56.81,59.6
1132,Columbia,76.55,64.6
1133,Kinloch,212.03,68.9
1134,Milagros,178.12,79.9
1135,Pindorama,6.35,101.2
1136,Lilio,153.56,99.8
1137,Kigali,227.39,78.0
1138,Suru,103.41,95.7
1139,Kigali,77.83,78.1
1140,Situsari,125.55,89.0
1141,Columbia,232.75,85.4
1142,Kigali,181.65,76.3
1143,Situsari,171.44,63.4
1144,Vahdat,153.32,83.2
1145,Wien,97.91,63.8
1146,Kigali,53.45,78.9
1147,Pashiya,14.56,91.9
1148,Eirado,225.78,54.5
1149,Tanghu,58.26,97.7
1150,Kigali,77.0,83.2
1151,Tanghu,54.08,57.1
1152,Vahdat,101.81,57.4
1153,Pindorama,79.17,95.4
1154,Pashiya,119.61,69.0
1155,Pashiya,89.3,56.5
1156,Kigali,170.69,98.2
1157,Kigali,215.01,53.0
1158,Kinloch,139.09,67.1
1159,Pindorama,85.31,61.9
1160,Milagros,239.64,90.7
1161,Kinloch,233.95,55.4
1162,Kinloch,225.2,84.7
1163,Columbia,227.93,89.9
1164,Padangulaktanding,79.91,95.3
1165,Tanghu,51.25,64.8
1166,Lilio,8.77,79.2
1167,Eirado,50.4,67.9
1168,Lilio,76.44,72.7
1169,Pashiya,167.67,64.8
1170,Kigali,99.74,82.2
1171,Lilio,222.08,65.8
1172,Kigali,190.91,63.1
1173,Wien,6.01,78.2
1174,Kinloch,38.12,59.5
1175,Suru,247.18,65.9
1176,Kigali,138.22,64.5
1177,Pashiya,125.11,102.1
1178,Milagros,71.24,70.7
1179,Padangulaktanding,55.09,100.3
1180,Vahdat,130.42,70.4
1181,Kigali,14.56,90.0
1182,Kigali,10.41,65.1
1183,Eirado,58.35,99.7
1184,Kigali,160.11,61.5
1185,Kinloch,144.48,62.3
1186,Kigali,100.69,56.5
1187,Kigali,81.63,97.8
1188,Padangulaktanding,220.17,93.9
1189,Eirado,205.9,98.7
1190,Milagros,67.43,90.3
1191,Kigali,36.09,92.8
1192,Kigali,52.37,63.1
1193,Vahdat,16.02,81.3
1194,Situsari,149.1,81.2
1195,Vahdat,167.86,58.4
1196,Kinloch,21.83,99.5
1197,Suru,195.96,58.4
1198,Kigali,114.68,81.4
1199,Kigali,234.4,101.9
1200,Tanghu,82.7,102.3
1201,Tanghu,95.62,60.1
1202,Wudil,227.83,87.7
1203,Tanghu,224.44,78.8
1204,Milagros,187.57,88.1
1205,Situsari,72.14,58.8
1206,Tanghu,26.41,62.6
1207,Padangulaktanding,195.04,84.0
1208,Pashiya,63.02,92.5
1209,Eirado,63.15,69.7
1210,Pashiya,181.74,95.2
1211,Lilio,52.03,53.3
1212,Kigali,82.12,53.4
1213,Vahdat,23.17,93.6
1214,Columbia,131.59,55.0
1215,Kigali,164.38,70.8
1216,Tanghu,1.62,70.3
1217,Situsari,183.85,67.7
1218,Eirado,117.79,57.0
1219,Kigali,248.81,54.4
1220,Columbia,94.88,96.1
1221,Lilio,141.22,69.4
1222,Eirado,87.91,61.1
1223,Milagros,230.58,78.6
1224,Kigali,5.09,96.8
1225,Suru,8.05,62.9
1226,Pindorama,216.76,94.6
1227,Wien,31.97,77.0
1228,Eirado,87.63,90.7
1229,Pindorama,54.92,59.2
1230,Kigali,100.32,77.6
1231,Wudil,30.56,80.1
1232,Kinloch,167.33,65.8
1233,Tanghu,93.23,89.4
1234,Kigali,55.3,79.3
1235,Padangulaktanding,110.78,59.5
1236,Suru,214.6,80.4
1237,Wien,144.16,61.1
1238,Kinloch,7.27,84.3
1239,Kinloch,214.82,91.0
1240,Lilio,51.55,76.8
1241,Kigali,54.28,64.0
1242,Milagros,65.48,90.2
1243,Situsari,129.22,61.1
1244,Vahdat,94.55,72.2
1245,Columbia,27.51,76.8
1246,Vahdat,48.24,86.9
1247,Vahdat,103.67,94.2
1248,Vahdat,158.23,79.6
1249,Kigali,29.48,92.0
1250,Suru,157.16,67.5
1251,Tanghu,243.11,57.6
1252,Lilio,194.24,66.7
1253,Kigali,112.64,84.5
1254,Pashiya,225.42,64.8
1255,Milagros,240.84,94.3
1256,Kigali,140.93,82.1
1257,Tanghu,28.76,93.6
1258,Tanghu,234.6,82.2
1259,Kigali,79.61,58.2
1260,Milagros,211.57,57.7
1261,Kinloch,34.66,103.7
1262,Suru,232.14,85.6
1263,Situsari,232.94,83.9
1264,Situsari,27.72,69.2
1265,Vahdat,211.35,78.0
1266,Situsari,94.29,54.0
1267,Situsari,72.72,69.4
1268,Kigali,176.37,87.6
1269,Pindorama,222.48,98.6
1270,Situsari,111.29,92.2
1271,Lilio,52.66,75.3
1272,Kinloch,219.29,70.7
1273,Kigali,55.15,82.9
1274,Lilio,143.28,61.2
1275,Suru,15.14,81.2
1276,Vahdat,188.67,73.3
1277,Wudil,132.67,74.2
1278,Milagros,204.42,69.2
1279,Columbia,83.62,54.7
1280,Eirado,25.55,74.7
1281,Tanghu,43.61,74.8
1282,Kigali,137.55,76.1
1283,Milagros,237.41,53.8
1284,Suru,9.9,74.3
1285,Wudil,108.72,91.8
1286,Suru,208.07,62.7
1287,Kigali,220.16,54.8
1288,Padangulaktanding,233.28,72.2
1289,Suru,35.79,64.5
1290,Kigali,234.28,97.3
1291,Kigali,21.93,58.7
1292,Kigali,6.0,71.2
1293,Situsari,117.95,70.6
1294,Milagros,226.32,89.3
1295,Kigali,120.29,89.0
1296,Kinloch,55.92,86.2
1297,Kigali,232.5,97.1
1298,Eirado,122.53,58.0
1299,Padangulaktanding,210.33,72.4
1300,Padangulaktanding,101.05,96.2
1301,Milagros,208.73,81.9
1302,Suru,180.09,94.5
1303,Wien,125.58,100.9
1304,Wien,175.23,68.4
1305,Columbia,48.86,61.0
1306,Wien,223.94,63.8
1307,Eirado,184.53,80.6
1308,Situsari,146.56,91.6
1309,Eirado,210.71,73.6
1310,Eirado,123.06,84.5
1311,Vahdat,166.41,82.5
1312,Tanghu,151.99,60.7
1313,Pindorama,103.25,90.0
1314,Pashiya,98.56,100.6
1315,Tanghu,119.74,70.0
1316,Kigali,60.94,86.0
1317,Situsari,95.47,89.2
1318,Vahdat,83.14,87.8
1319,Columbia,229.82,81.8
1320,Wudil,147.23,102.6
1321,Pashiya,56.68,74.8
1322,Columbia,88.61,95.3
1323,Pashiya,94.42,74.0
1324,Tanghu,55.34,93.0
1325,Columbia,217.27,77.4
1326,Columbia,10.83,98.8
1327,Kigali,236.71,77.6
1328,Kinloch,201.17,59.5
1329,Tanghu,247.08,53.8
1330,Columbia,188.11,100.9
1331,Milagros,123.94,65.9
1332,Pindorama,120.77,56.4
1333,Lilio,197.47,103.5
1334,Suru,46.02,81.5
1335,Kigali,96.75,55.2
1336,Wien,98.0,94.4
1337,Eirado,198.71,57.8
1338,Tanghu,3.65,93.3
1339,Wien,50.59,100.8
1340,Lilio,106.7,60.8
1341,Pashiya,71.52,102.2
1342,Kigali,51.99,63.0
1343,Pashiya,12.65,85.5
1344,Wien,3.0,98.4
1345,Tanghu,184.7,58.0
1346,Kigali,220.95,55.7
1347,Eirado,126.68,93.9
1348,Kigali,71.7,98.1
1349,Eirado,7.04,59.7
1350,Tanghu,70.86,96.6
1351,Pindorama,162.1,60.6
1352,Vahdat,117.1,88.6
1353,Situsari,215.35,90.3
1354,Kigali,147.79,92.9
1355,Wien,232.55,59.9
1356,Kigali,167.37,59.8
1357,Pindorama,188.9,59.3
1358,Lilio,37.45,100.8
1359,Wien,167.59,61.6
1360,Vahdat,88.82,92.6
1361,Columbia,124.38,85.1
1362,Pashiya,4.22,94.1
1363,Wien,99.42,83.8
1364,Lilio,73.34,57.5
1365,Vahdat,58.78,97.4
1366,Padangulaktanding,111.13,80.9
1367,Tanghu,142.71,58.4
1368,Pindorama,57.39,102.3
1369,Wudil,147.22,62.2
1370,Wien,103.87,78.8
1371,Padangulaktanding,183.55,71.6
1372,Kigali,31.32,59.5
1373,Kigali,241.42,53.0
1374,Kigali,181.56,83.3
1375,Columbia,208.28,97.5
1376,Wudil,174.06,85.8
1377,Columbia,221.62,53.8
1378,Padangulaktanding,82.74,84.0
1379,Suru,16.36,99.9
1380,Suru,132.68,81.5
1381,Kigali,101.23,97.4
1382,Kigali,139.18,97.4
1383,Kigali,46.5,64.0
1384,Wien,33.05,100.6
1385,Milagros,196.92,87.7
1386,Kigali,124.17,82.2
1387,Kigali,179.74,55.4
1388,Situsari,40.0,58.1
1389,Situsari,103.78,57.8
1390,Tanghu,192.95,99.6
1391,Wien,61.98,88.3
1392,Kigali,247.87,100.9
1393,Kinloch,174.04,79.3
1394,Padangulaktanding,181.65,92.8
1395,Kigali,21.1,74.2
1396,Kigali,148.33,71.4
1397,Milagros,62.61,75.1
1398,Pashiya,144.16,56.7
1399,Lilio,43.35,82.5
1400,Kigali,114.88,67.5
1401,Vahdat,10.51,54.3
1402,Pashiya,67.83,63.3
1403,Wien,8.51,99.9
1404,Eirado,90.88,99.5
1405,Suru,224.64,79.6
1406,Milagros,227.65,72.7
1407,Eirado,26.69,85.4
1408,Pashiya,100.05,74.8
1409,Wudil,166.24,63.7
1410,Milagros,245.41,55.6
1411,Tanghu,3.37,99.1
1412,Columbia,144.58,75.5
1413,Kigali,110.55,77.9
1414,Kigali,164.44,64.1
1415,Eirado,149.45,55.3
1416,Padangulaktanding,209.08,92.2
1417,Kigali,217.86,72.8
1418,Milagros,41.11,68.9
1419,Wudil,212.04,88.4
1420,Lilio,72.72,84.2
1421,Milagros,52.42,80.6
1422,Wudil,100.6,82.1
1423,Kigali,47.2,86.2
1424,Eirado,208.71,72.2
1425,Lilio,219.18,62.2
1426,Kigali,73.73,69.3
1427,Situsari,99.36,69.2
1428,Padangulaktanding,135.02,99.0
1429,Wien,211.29,97.9
1430,Vahdat,39.31,64.3
1431,Tanghu,26.74,74.7
1432,Kigali,122.1,64.3
1433,Padangulaktanding,55.97,54.4
1434,Pashiya,122.98,96.1
1435,Padangulaktanding,102.82,87.9
1436,Situsari,142.74,91.6
1437,Padangulaktanding,246.63,58.4
1438,Suru,213.78,96.4
1439,Kinloch,69.15,56.9
1440,Kigali,105.1,79.5
1441,Pashiya,87.26,84.5
1442,Vahdat,202.7,69.6
1443,Wudil,27.41,95.9
1444,Kigali,44.31,94.1
1445,Lilio,90.76,83.5
1446,Suru,153.45,101.6
1447,Wudil,190.18,76.5
1448,Kinloch,87.34,56.9
1449,Padangulaktanding,27.05,98.6
1450,Pindorama,197.59,71.7
1451,Kigali,52.06,92.0
1452,Pindorama,126.57,75.2
1453,Kinloch,248.21,75.8
1454,Suru,143.6,73.4
1455,Columbia,201.36,55.3
1456,Wudil,6.19,99.7
1457,Kinloch,11.41,65.1
1458,Kigali,8.82,79.4
1459,Padangulaktanding,84.88,61.0
1460,Pindorama,50.01,55.4
1461,Lilio,20.92,71.3
1462,Vahdat,85.53,89.8
1463,Kinloch,52.06,69.8
1464,Kigali,237.9,96.3
1465,Columbia,120.8,67.2
1466,Padangulaktanding,132.83,56.1
1467,Kigali,206.61,83.0
1468,Kigali,94.47,81.7
1469,Pindorama,235.97,75.9
1470,Eirado,64.19,61.9
1471,Pindorama,131.45,54.1
1472,Kigali,71.94,64.5
1473,Milagros,56.34,86.0
1474,Pindorama,113.0,99.9
1475,Suru,119.87,75.9
1476,Milagros,241.2,70.6
1477,Suru,206.85,94.7
1478,Kinloch,206.96,103.3
1479,Pindorama,32.82,91.2
1480,Kigali,179.06,91.3
1481,Suru,168.52,98.8
1482,Vahdat,123.44,85.8
1483,Wien,125.99,55.7
1484,Milagros,192.09,76.4
1485,Wien,27.06,95.7
1486,Kigali,149.11,65.8
1487,Pashiya,102.56,56.0
1488,Pashiya,217.49,89.4
1489,Kinloch,85.57,98.4
1490,Suru,182.8,89.9
1491,Vahdat,207.77,74.6
1492,Situsari,93.35,53.8
1493,Wien,181.2,103.0
1494,Wien,133.76,67.0
1495,Padangulaktanding,19.58,85.4
1496,Wudil,225.99,91.6
1497,Vahdat,42.31,85.4
1498,Pashiya,65.62,71.6
1499,Suru,202.92,75.7
1500,Situsari,137.32,53.5
1501,Padangulaktanding,182.05,100.4
1502,Pindorama,47.7,67.8
1503,Pindorama,103.26,96.4
1504,Tanghu,18.56,102.5
1505,Vahdat,112.75,72.2
1506,Lilio,46.7,99.2
1507,Tanghu,89.53,74.8
1508,Columbia,248.12,72.3
1509,Columbia,227.95,85.5
1510,Vahdat,155.08,76.4
1511,Wien,93.02,64.6
1512,Columbia,81.22,79.0
1513,Kinloch,221.1,91.4
1514,Suru,61.25,65.3
1515,Milagros,28.98,85.0
1516,Kigali,216.54,74.0
1517,Kigali,13.42,86.2
1518,Wudil,60.41,72.4
1519,Kinloch,24.93,82.5
1520,Padangulaktanding,71.93,97.3
1521,Kinloch,114.52,54.1
1522,Columbia,93.94,94.2
1523,Kinloch,216.87,75.1
1524,Situsari,221.98,95.9
1525,Pashiya,58.44,84.5
1526,Suru,52.39,66.9
1527,Wudil,248.9,95.5
1528,Lilio,97.55,69.8
1529,Kigali,43.5,54.5
1530,Milagros,68.41,64.7
1531,Wien,196.51,95.7
1532,Columbia,209.0,89.0
1533,Pashiya,4.07,67.6
1534,Padangulaktanding,138.05,98.4
1535,Kinloch,170.71,57.8
1536,Kinloch,243.62,90.7
1537,Milagros,116.88,97.3
1538,Vahdat,161.92,84.9
1539,Lilio,139.71,56.7
1540,Situsari,145.5,77.1
1541,Wudil,49.26,71.0
1542,Situsari,244.62,88.4
1543,Wudil,149.59,81.1
1544,Pashiya,216.19,56.6
1545,Suru,23.77,89.9
1546,Columbia,103.41,97.6
1547,Pashiya,120.93,101.0
1548,Lilio,102.28,79.5
1549,Pindorama,134.05,63.0
1550,Milagros,160.77,54.5
1551,Kigali,183.63,89.7
1552,Pashiya,35.14,57.7
1553,Kigali,70.56,53.9
1554,Vahdat,179.73,91.6
1555,Suru,163.43,89.4
1556,Vahdat,111.4,90.5
1557,Situsari,98.54,58.9
1558,Columbia,241.65,67.7
1559,Eirado,201.28,57.2
1560,Milagros,50.43,68.9
1561,Suru,237.91,92.2
1562,Pindorama,240.13,103.2
1563,Wien,156.49,68.2
1564,Columbia,19.44,102.5
1565,Kigali,28.71,80.2
1566,Wudil,23.44,79.4
1567,Kinloch,208.85,83.4
1568,Milagros,191.33,55.8
1569,Pashiya,146.46,92.4
1570,Kigali,207.39,67.2
1571,Vahdat,50.54,101.1
1572,Tanghu,46.38,92.6
1573,Milagros,113.65,86.9
1574,Suru,181.7,84.3
1575,Wudil,92.6,54.5
1576,Pindorama,222.87,100.5
1577,Vahdat,35.4,60.5
1578,Wudil,148.85,57.3
1579,Padangulaktanding,105.55,98.2
1580,Vahdat,184.24,62.1
1581,Wien,133.59,80.7
1582,Kinloch,188.48,88.9
1583,Eirado,191.79,56.2
1584,Columbia,204.64,93.3
1585,Lilio,112.9,94.1
1586,Eirado,34.87,93.6
1587,Kigali,210.24,86.4
1588,Eirado,248.31,78.5
1589,Kigali,213.18,82.9
1590,Kigali,23.53,66.3
1591,Vahdat,203.82,63.3
1592,Situsari,48.8,101.8
1593,Columbia,56.86,66.7
1594,Padangulaktanding,7.05,55.6
1595,Milagros,72.89,90.1
1596,Kigali,99.77,61.0
1597,Eirado,238.67,65.1
1598,Wudil,221.51,101.9
1599,Padangulaktanding,158.8,58.0
1600,Wien,36.47,79.9
1601,Kinloch,137.58,54.0
1602,Columbia,194.41,81.2
1603,Situsari,69.75,62.2
1604,Suru,70.17,68.7
1605,Kigali,226.19,102.8
1606,Padangulaktanding,102.56,67.0
1607,Lilio,22.08,80.0
1608,Pashiya,142.85,93.9
1609,Eirado,162.52,88.8
1610,Situsari,151.06,93.7
1611,Eirado,173.48,104.0
1612,Pashiya,43.88,81.1
1613,Lilio,22.57,73.4
1614,Columbia,61.35,54.6
1615,Padangulaktanding,77.02,102.8
1616,Padangulaktanding,96.27,67.7
1617,Wudil,10.77,89.4
1618,Vahdat,92.11,72.5
1619,Kigali,100.77,94.6
1620,Columbia,97.36,60.2
1621,Padangulaktanding,219.09,101.5
1622,Tanghu,160.4,76.1
1623,Pindorama,154.71,93.7
1624,Tanghu,78.64,102.8
1625,Suru,239.07,59.1
1626,Kinloch,61.32,72.2
1627,Kigali,59.6,56.7
1628,Lilio,201.75,60.6
1629,Kigali,178.27,73.3
1630,Tanghu,102.06,76.5
1631,Suru,134.85,66.3
1632,Pashiya,199.83,66.7
1633,Wien,234.24,83.8
1634,Tanghu,207.07,63.1
1635,Kigali,204.29,60.0
1636,Wien,196.46,65.6
1637,Milagros,165.31,61.9
1638,Kinloch,148.49,96.1
1639,Columbia,116.22,98.1
1640,Wien,87.91,78.8
1641,Wien,43.68,85.3
1642,Kigali,222.82,79.0
1643,Lilio,197.97,82.9
1644,Eirado,200.83,95.5
1645,Tanghu,95.7,61.1
1646,Pindorama,89.17,53.5
1647,Kigali,185.95,76.1
1648,Wien,20.34,54.8
1649,Columbia,43.79,81.8
1650,Padangulaktanding,141.27,84.5
1651,Padangulaktanding,228.59,63.1
1652,Pindorama,199.64,58.0
1653,Padangulaktanding,63.8,73.9
1654,Milagros,179.58,58.6
1655,Pashiya,184.97,81.8
1656,Pashiya,98.74,59.5
1657,Kigali,59.42,85.5
1658,Kigali,67.2,67.1
1659,Pashiya,233.28,83.3
1660,Eirado,200.93,63.9
1661,Columbia,71.25,82.2
1662,Kinloch,183.55,90.8
1663,Wudil,204.86,94.2
1664,Wien,102.37,54.3
1665,Kinloch,8.27,103.1
1666,Padangulaktanding,39.39,99.7
1667,Kigali,138.07,87.3
1668,Milagros,128.45,84.2
1669,Columbia,137.86,98.5
1670,Wien,47.89,61.4
1671,Pindorama,233.96,66.3
1672,Vahdat,41.26,93.7
1673,Eirado,103.55,53.5
1674,Kigali,134.48,96.5
1675,Tanghu,30.84,63.6
1676,Situsari,168.75,69.2
1677,Vahdat,203.4,84.5
1678,Kigali,148.91,79.7
1679,Lilio,20.78,57.4
1680,Kigali,26.93,88.5
1681,Situsari,53.33,54.4
1682,Kigali,169.34,70.8
1683,Columbia,205.75,65.7
1684,Padangulaktanding,119.04,70.1
1685,Vahdat,119.72,94.0
1686,Padangulaktanding,59.35,59.8
1687,Tanghu,234.26,102.9
1688,Situsari,76.69,86.2
1689,Padangulaktanding,177.28,85.1
1690,Lilio,178.29,62.0
1691,Wien,79.38,90.5
1692,Pindorama,63.63,79.2
1693,Pashiya,143.36,73.5
1694,Tanghu,228.22,70.2
1695,Vahdat,169.67,98.6
1696,Vahdat,209.33,73.1
1697,Kinloch,54.74,82.2
1698,Kigali,13.8,98.8
1699,Kigali,145.29,79.7
1700,Wien,81.7,95.1
1701,Kigali,61.4,77.5
1702,Eirado,219.78,75.5
1703,Pashiya,153.75,103.2
1704,Lilio,190.73,65.0
1705,Kigali,55.38,74.6
1706,Pashiya,94.12,74.4
1707,Kigali,35.02,73.9
1708,Tanghu,228.0,66.0
1709,Wien,112.95,72.2
1710,Eirado,218.41,102.7
1711,Situsari,42.19,69.6
1712,Milagros,66.64,69.3
1713,Kinloch,147.13,66.5
1714,Wudil,112.81,92.7
1715,Kinloch,226.16,69.7
1716,Tanghu,9.81,92.9
1717,Pashiya,232.92,53.1
1718,Lilio,195.76,71.6
1719,Suru,85.75,95.5
1720,Columbia,120.75,81.3
1721,Pashiya,80.29,91.9
1722,Kigali,187.76,67.2
1723,Columbia,26.93,70.4
1724,Lilio,175.21,90.3
1725,Lilio,215.98,65.2
1726,Pashiya,51.0,81.6
1727,Tanghu,111.41,72.9
1728,Pashiya,188.64,90.5
1729,Pashiya,154.22,93.0
1730,Pindorama,77.49,82.3
1731,Lilio,91.48,88.6
1732,Kinloch,120.68,87.7
1733,Lilio,202.4,69.5
1734,Kigali,183.37,87.1
1735,Kigali,30.86,80.5
1736,Tanghu,133.31,57.2
1737,Tanghu,78.0,82.2
1738,Kinloch,158.73,60.1
1739,Kigali,214.46,93.1
1740,Vahdat,105.85,64.9
1741,Eirado,121.88,93.1
1742,Wien,156.09,63.7
1743,Wien,228.4,89.2
1744,Pashiya,183.93,61.5
1745,Columbia,65.43,90.8
1746,Pindorama,45.02,70.3
1747,Kigali,176.76,79.0
1748,Pashiya,225.55,74.3
1749,Suru,178.84,69.7
1750,Kinloch,33.67,73.3
1751,Kigali,198.01,85.2
1752,Situsari,213.8,100.2
1753,Tanghu,193.33,64.6
1754,Pashiya,201.64,60.0
1755,Milagros,9.76,92.9
1756,Eirado,221.09,86.2
1757,Milagros,14.28,54.9
1758,Pindorama,158.51,65.2
1759,Kigali,25.28,91.5
1760,Suru,16.49,79.2
1761,Tanghu,6.11,94.7
1762,Lilio,2.5,84.8
1763,Vahdat,19.42,92.0
1764,Milagros,96.99,103.6
1765,Tanghu,229.72,98.2
1766,Vahdat,55.72,85.9
1767,Pashiya,214.63,79.4
1768,Kinloch,187.33,101.4
1769,Padangulaktanding,239.18,58.7
1770,Vahdat,52.25,102.7
1771,Columbia,209.54,60.6
1772,Pindorama,196.91,102.0
1773,Wien,68.14,62.0
1774,Kigali,17.6,68.9
1775,Columbia,111.91,71.0
1776,Vahdat,21.29,103.8
1777,Pashiya,48.01,76.2
1778,Pashiya,62.72,57.6
1779,Kigali,3.43,67.3
1780,Milagros,4.58,85.1
1781,Kinloch,15.58,64.2
1782,Tanghu,220.78,65.0
1783,Pashiya,73.58,57.1
1784,Suru,11.14,90.2
1785,Eirado,12.61,86.5
1786,Kigali,100.5,59.5
1787,Suru,47.25,76.4
1788,Wien,86.61,83.6
1789,Eirado,165.69,73.7
1790,Suru,32.13,65.7
1791,Wien,93.75,78.3
1792,Pindorama,216.83,64.8
1793,Suru,211.66,73.4
1794,Milagros,124.82,80.6
1795,Pashiya,126.63,77.8
1796,Kigali,56.5,81.3
1797,Wien,71.4,92.7
1798,Kigali,219.28,98.4
1799,Suru,144.35,103.7
1800,Situsari,89.42,97.3
1801,Pindorama,151.8,63.2
1802,Situsari,29.52,64.2
1803,Tanghu,30.97,64.0
1804,Suru,239.85,80.9
1805,Kigali,206.05,70.2
1806,Situsari,16.97,68.0
1807,Pindorama,110.05,81.1
1808,Pindorama,16.83,77.8
1809,Wudil,112.68,79.3
1810,Eirado,213.12,87.4
1811,Pindorama,103.49,86.9
1812,Kigali,49.59,64.2
1813,Milagros,159.12,90.9
1814,Padangulaktanding,135.92,70.4
1815,Kigali,86.84,53.1
1816,Kigali,19.24,94.3
1817,Pindorama,150.72,54.3
1818,Kigali,100.57,64.2
1819,Padangulaktanding,155.63,94.4
1820,Eirado,34.03,69.5
1821,Padangulaktanding,223.82,61.7
1822,Kigali,197.28,65.8
1823,Wudil,21.36,93.9
1824,Situsari,126.09,76.0
1825,Padangulaktanding,18.86,61.2
1826,Vahdat,217.16,84.5
1827,Padangulaktanding,49.6,89.7
1828,Padangulaktanding,119.79,75.9
1829,Kinloch,161.71,74.6
1830,Pindorama,111.06,68.9
1831,Tanghu,197.12,65.5
1832,Eirado,204.24,87.6
1833,Kigali,34.54,59.7
1834,Eirado,2.14,79.9
1835,Wien,246.23,57.7
1836,Milagros,2.81,86.7
1837,Pindorama,5.04,65.2
1838,Vahdat,190.15,84.0
1839,Padangulaktanding,39.39,90.5
1840,Kinloch,1.13,103.8
1841,Milagros,149.42,75.9
1842,Kigali,211.33,69.4
1843,Kinloch,62.24,87.8
1844,Eirado,158.34,73.0
1845,Kigali,137.55,90.0
1846,Kigali,49.93,90.4
1847,Suru,123.73,77.9
1848,Kigali,49.14,86.1
1849,Wudil,243.64,94.7
1850,Pashiya,173.59,88.2
1851,Wien,75.57,91.4
1852,Kinloch,146.2,89.4
1853,Wien,223.45,77.4
1854,Milagros,108.72,89.4
1855,Pashiya,158.22,56.6
1856,Pashiya,89.88,92.0
1857,Lilio,241.04,64.6
1858,Columbia,75.19,69.6
1859,Eirado,198.49,93.5
1860,Wien,156.59,61.5
1861,Columbia,226.6,103.2
1862,Tanghu,46.32,60.7
1863,Padangulaktanding,201.21,89.8
1864,Vahdat,20.6,55.9
1865,Kigali,215.28,86.0
1866,Wudil,233.1,95.0
1867,Lilio,220.02,71.4
1868,Vahdat,85.65,80.5
1869,Tanghu,225.59,61.4
1870,Vahdat,136.11,62.1
1871,Milagros,65.26,90.7
1872,Columbia,88.62,77.8
1873,Padangulaktanding,226.05,56.8
1874,Pindorama,156.81,96.9
1875,Kigali,140.16,69.0
1876,Kinloch,242.82,99.2
1877,Milagros,91.26,65.9
1878,Milagros,181.1,71.3
1879,Kigali,28.23,61.8
1880,Pashiya,5.83,58.3
1881,Vahdat,89.0,85.1
1882,Kinloch,9.95,93.2
1883,Tanghu,144.68,69.8
1884,Situsari,67.05,95.1
1885,Padangulaktanding,196.03,100.7
1886,Kinloch,92.57,84.3
1887,Pashiya,52.42,67.4
1888,Lilio,189.67,72.3
1889,Pindorama,233.44,67.2
1890,Milagros,174.02,82.0
1891,Kigali,101.21,95.9
1892,Suru,191.85,92.3
1893,Kigali,246.67,62.1
1894,Suru,94.19,68.6
1895,Eirado,90.75,102.4
1896,Kigali,12.13,98.0
1897,Padangulaktanding,30.34,85.3
1898,Kigali,77.2,68.2
1899,Situsari,106.38,71.5
1900,Padangulaktanding,181.22,67.7
1901,Pindorama,14.89,68.0
1902,Kigali,130.48,86.4
1903,Pindorama,17.19,85.5
1904,Padangulaktanding,243.15,75.1
1905,Columbia,117.58,101.1
1906,Wudil,210.9,76.0
1907,Wien,124.86,91.9
1908,Situsari,12.44,63.0
1909,Kinloch,212.01,82.6
1910,Vahdat,143.81,69.3
1911,Kigali,235.89,55.9
1912,Vahdat,94.09,95.4
1913,Kinloch,176.95,83.0
1914,Tanghu,78.75,96.2
1915,Kinloch,248.24,78.3
1916,Lilio,16.51,84.5
1917,Pindorama,28.17,65.1
1918,Kigali,41.5,103.6
1919,Wien,80.14,96.9
1920,Kigali,248.76,76.1
1921,Situsari,142.84,60.1
1922,Milagros,21.6,94.7
1923,Lilio,194.77,87.9
1924,Milagros,15.19,100.3
1925,Tanghu,105.18,55.3
1926,Suru,190.75,96.3
1927,Pindorama,192.79,58.9
1928,Pindorama,95.2,104.0
1929,Vahdat,189.85,85.6
1930,Vahdat,159.83,90.2
1931,Kigali,17.79,87.5
1932,Lilio,214.37,86.4
1933,Kinloch,245.99,89.2
1934,Lilio,7.05,67.0
1935,Kigali,210.96,92.0
1936,Suru,65.93,93.9
1937,Kinloch,163.42,71.4
1938,Vahdat,45.33,92.8
1939,Situsari,239.22,88.0
1940,Pindorama,123.54,96.4
1941,Columbia,145.82,60.1
1942,Kigali,106.99,103.9
1943,Kigali,118.74,68.0
1944,Kigali,67.61,94.6
1945,Tanghu,234.67,60.8
1946,Suru,197.82,69.2
1947,Kigali,33.42,87.3
1948,Milagros,108.83,63.7
1949,Padangulaktanding,141.42,69.6
1950,Kigali,112.27,80.3
1951,Kigali,192.09,60.3
1952,Eirado,137.84,55.1
1953,Kigali,188.04,83.3
1954,Wien,145.99,66.7
1955,Eirado,225.22,60.5
1956,Suru,113.39,87.8
1957,Vahdat,149.2,100.5
1958,Kigali,25.59,94.5
1959,Columbia,91.36,95.3
1960,Lilio,48.52,100.9
1961,Wien,215.95,103.8
1962,Lilio,89.88,65.3
1963,Pindorama,7.2,59.2
1964,Padangulaktanding,191.03,76.5
1965,Padangulaktanding,40.77,69.0
1966,Vahdat,116.29,79.6
1967,Wien,88.29,56.5
1968,Vahdat,18.48,64.7
1969,Padangulaktanding,38.64,97.8
1970,Pindorama,198.84,87.1
1971,Suru,220.16,67.8
1972,Kinloch,193.95,90.0
1973,Milagros,150.71,100.0
1974,Lilio,16.53,67.5
1975,Milagros,10.19,80.7
1976,Kigali,28.4,55.6
1977,Wien,73.81,58.1
1978,Kigali,120.06,57.1
1979,Tanghu,135.76,96.7
1980,Milagros,103.32,97.4
1981,Padangulaktanding,69.24,59.6
1982,Kigali,155.27,60.2
1983,Eirado,2.5,62.9
1984,Pindorama,154.13,72.6
1985,Kigali,239.48,64.3
1986,Pashiya,200.98,96.0
1987,Pindorama,220.44,77.3
1988,Pashiya,199.66,66.8
1989,Vahdat,7.18,65.4
1990,Situsari,127.56,103.7
1991,Milagros,143.06,60.6
1992,Columbia,249.6,61.7
1993,Kigali,17.89,82.7
1994,Columbia,214.6,94.6
1995,Kigali,75.36,91.9
1996,Padangulaktanding,165.92,94.9
1997,Vahdat,232.83,79.2
1998,Milagros,193.35,64.5
1999,Vahdat,160.59,56.9
2000,Padangulaktanding,243.24,96.0
2001,Eirado,136.8,97.3
2002,Columbia,5.29,87.6
2003,Wien,140.29,56.0
2004,Kinloch,60.62,82.4
2005,Columbia,96.13,95.4
2006,Wudil,140.43,56.8
2007,Pindorama,12.33,56.3
2008,Tanghu,135.45,71.2
2009,Vahdat,239.53,86.8
2010,Eirado,67.27,103.0
2011,Pindorama,162.73,74.2
2012,Kigali,238.61,87.5
2013,Padangulaktanding,193.29,71.9
2014,Vahdat,182.91,98.0
2015,Situsari,75.56,59.8
2016,Padangulaktanding,52.68,70.4
2017,Columbia,40.56,95.1
2018,Wudil,218.77,66.2
2019,Pindorama,57.05,79.3
2020,Pindorama,42.18,53.0
2021,Situsari,210.71,81.5
2022,Pashiya,49.86,77.2
2023,Pindorama,225.98,94.0
2024,Kinloch,223.27,76.9
2025,Kigali,219.23,82.8
2026,Kigali,1.88,56.8
2027,Tanghu,1.48,76.2
2028,Wudil,153.1,86.2
2029,Kigali,148.16,71.9
2030,Suru,175.59,94.6
2031,Milagros,61.38,94.4
2032,Kinloch,135.5,97.1
2033,Kigali,73.75,83.2
2034,Milagros,25.71,83.1
2035,Tanghu,61.34,91.5
2036,Columbia,222.66,70.3
2037,Pindorama,54.45,67.3
2038,Columbia,178.27,79.2
2039,Kigali,104.42,63.4
2040,Kigali,24.54,74.5
2041,Milagros,43.18,92.2
2042,Eirado,48.22,87.4
2043,Lilio,128.03,53.2
2044,Eirado,91.33,81.4
2045,Vahdat,148.88,95.7
2046,Milagros,74.05,72.8
2047,Wien,69.72,84.5
2048,Situsari,169.92,100.0
2049,Kigali,54.46,94.4
2050,Kinloch,123.21,79.9
2051,Padangulaktanding,230.04,83.7
2052,Pashiya,217.87,71.1
2053,Milagros,80.3,93.5
2054,Milagros,37.6,91.2
2055,Situsari,17.25,90.6
2056,Vahdat,46.82,53.2
2057,Lilio,46.95,58.3
2058,Pashiya,50.56,53.7
2059,Suru,46.96,76.9
2060,Kigali,21.15,62.6
2061,Eirado,202.94,100.7
2062,Lilio,126.92,57.5
2063,Columbia,144.45,58.6
2064,Kigali,12.97,56.1
2065,Wien,93.22,69.3
2066,Suru,222.43,58.2
2067,Kinloch,77.02,75.7
2068,Kigali,40.34,60.7
2069,Kigali,106.92,90.9
2070,Milagros,145.27,79.0
2071,Wien,107.62,96.7
2072,Eirado,97.09,85.9
2073,Columbia,1.27,70.8
2074,Padangulaktanding,143.19,70.4
2075,Vahdat,2.32,57.4
2076,Pashiya,242.32,85.2
2077,Kinloch,62.44,77.9
2078,Lilio,101.1,81.7
2079,Columbia,32.85,102.2
2080,Kigali,210.72,86.3
2081,Eirado,110.99,98.1
2082,Kigali,1.25,57.9
2083,Wudil,16.19,77.2
2084,Padangulaktanding,111.74,87.5
2085,Kigali,15.73,74.1
2086,Eirado,214.1,103.9
2087,Eirado,96.96,89.0
2088,Tanghu,59.97,86.1
2089,Kigali,25.17,79.7
2090,Suru,49.04,66.0
2091,Kigali,206.24,77.4
2092,Pindorama,8.09,90.0
2093,Wien,2.78,99.1
2094,Situsari,209.53,62.5
2095,Padangulaktanding,225.39,61.1
2096,Wudil,1.66,80.8
2097,Columbia,182.37,90.9
2098,Columbia,230.9,89.8
2099,Kinloch,16.19,103.1
2100,Kigali,145.83,54.5
2101,Tanghu,10.86,78.3
2102,Situsari,19.0,64.1
2103,Milagros,142.93,89.5
2104,Kinloch,38.93,93.3
2105,Wudil,191.9,75.8
2106,Kigali,60.72,104.0
2107,Kigali,230.58,72.9
2108,Wudil,155.54,93.8
2109,Wien,77.33,77.6
2110,Kigali,101.52,85.1
2111,Pashiya,188.07,88.8
2112,Suru,34.11,78.5
2113,Kinloch,226.34,91.3
2114,Vahdat,101.11,91.2
2115,Pindorama,17.24,65.7
2116,Eirado,178.74,71.6
2117,Situsari,24.34,77.8
2118,Columbia,11.28,88.9
2119,Eirado,53.56,86.6
2120,Eirado,69.42,66.2
2121,Lilio,37.53,88.3
2122,Kigali,164.27,62.9
2123,Padangulaktanding,21.98,58.9
2124,Milagros,150.32,89.8
2125,Milagros,221.59,74.4
2126,Milagros,35.93,79.3
2127,Vahdat,209.12,102.8
2128,Padangulaktanding,189.09,84.1
2129,Pindorama,227.65,89.3
2130,Lilio,219.39,63.8
2131,Pindorama,239.89,66.7
2132,Vahdat,136.08,64.8
2133,Kigali,97.73,89.1
2134,Pindorama,198.96,71.3
2135,Eirado,149.48,95.8
2136,Wudil,228.53,80.3
2137,Columbia,150.28,83.0
2138,Kigali,86.17,56.1
2139,Vahdat,7.12,87.9
2140,Kigali,8.73,71.7
2141,Lilio,206.18,73.2
2142,Lilio,203.84,74.2
2143,Kigali,198.21,57.1
2144,Situsari,99.92,64.2
2145,Kigali,60.05,57.3
2146,Vahdat,75.62,97.1
2147,Kigali,146.84,91.1
2148,Situsari,65.45,58.1
2149,Pindorama,66.78,88.9
2150,Vahdat,119.83,97.7
2151,Padangulaktanding,11.37,74.9
2152,Milagros,78.51,65.0
2153,Milagros,246.1,99.1
2154,Pindorama,180.26,100.4
2155,Milagros,122.99,56.4
2156,Kinloch,2.35,88.0
2157,Milagros,13.92,87.2
2158,Wudil,243.47,72.1
2159,Padangulaktanding,60.48,95.6
2160,Eirado,152.26,69.6
2161,Eirado,82.55,98.9
2162,Kigali,231.01,75.2
2163,Wien,57.74,92.5
2164,Kigali,93.76,58.4
2165,Situsari,143.32,81.7
2166,Kigali,72.12,72.6
2167,Vahdat,81.04,54.9
2168,Kigali,105.77,81.4
2169,Pashiya,145.87,63.5
2170,Vahdat,213.3,90.2
2171,Eirado,117.66,53.2
2172,Kinloch,15.27,53.2
2173,Vahdat,120.45,86.5
2174,Lilio,177.31,82.8
2175,Vahdat,207.93,82.9
2176,Columbia,74.77,62.8
2177,Padangulaktanding,60.58,56.8
2178,Lilio,151.29,102.1
2179,Kigali,131.79,60.7
2180,Lilio,240.41,65.5
2181,Kigali,198.38,77.2
2182,Lilio,69.26,92.9
2183,Kigali,184.29,63.3
2184,Pashiya,214.74,101.4
2185,Vahdat,39.7,63.0
2186,Pindorama,201.12,59.9
2187,Eirado,233.02,58.2
2188,Pindorama,43.3,80.2
2189,Situsari,179.18,80.4
2190,Tanghu,18.11,58.9
2191,Suru,55.45,83.9
2192,Columbia,2.96,64.2
2193,Tanghu,242.33,100.9
2194,Vahdat,180.1,77.8
2195,Kigali,49.62,75.1
2196,Vahdat,248.54,76.4
2197,Kinloch,244.85,94.1
2198,Vahdat,121.44,82.1
2199,Suru,223.38,78.3
2200,Kigali,171.25,85.8
2201,Padangulaktanding,215.93,93.3
2202,Padangulaktanding,20.82,74.1
2203,Lilio,148.7,63.3
2204,Situsari,85.31,86.5
2205,Pashiya,139.55,61.3
2206,Situsari,210.79,89.4
2207,Kinloch,18.19,73.9
2208,Wien,54.08,70.6
2209,Lilio,125.08,75.0
2210,Suru,44.93,90.3
2211,Eirado,86.94,99.2
2212,Kinloch,208.78,94.8
2213,Lilio,31.42,85.7
2214,Padangulaktanding,120.9,95.6
2215,Pindorama,81.2,103.8
2216,Situsari,245.39,84.2
2217,Columbia,204.47,90.7
2218,Kigali,92.46,60.4
2219,Pindorama,111.17,91.6
2220,Wien,214.68,96.3
2221,Eirado,93.34,53.1
2222,Pindorama,85.87,99.9
2223,Lilio,168.46,89.1
2224,Pindorama,46.13,85.3
2225,Kigali,151.43,91.7
2226,Kigali,222.22,72.0
2227,Wien,159.98,99.0
2228,Milagros,49.56,54.4
2229,Pindorama,82.9,90.5
2230,Kinloch,115.72,67.0
2231,Situsari,247.36,101.2
2232,Columbia,61.12,73.3
2233,Wudil,121.11,77.6
2234,Wien,178.67,68.8
2235,Suru,71.88,87.1
2236,Kigali,7.13,59.6
2237,Milagros,22.46,68.8
2238,Vahdat,15.34,76.8
2239,Pashiya,5.22,60.9
2240,Wudil,75.88,81.0
2241,Milagros,193.93,93.4
2242,Tanghu,61.12,103.1
2243,Tanghu,14.18,78.1
2244,Eirado,232.18,77.5
2245,Padangulaktanding,197.74,68.7
2246,Lilio,44.09,63.1
2247,Vahdat,249.01,87.6
2248,Kigali,36.42,68.8
2249,Suru,27.73,65.9
2250,Tanghu,51.31,55.3
2251,Kigali,66.27,79.9
2252,Pindorama,153.08,73.9
2253,Vahdat,238.83,58.0
2254,Wien,47.35,63.2
2255,Milagros,211.27,92.7
2256,Padangulaktanding,182.36,63.7
2257,Kigali,183.58,104.0
2258,Kigali,94.05,99.9
2259,Kigali,63.03,65.6
2260,Suru,174.86,54.8
2261,Eirado,162.38,70.2
2262,Padangulaktanding,14.89,83.5
2263,Situsari,13.92,74.4
2264,Kigali,198.82,84.4
2265,Eirado,166.18,93.0
2266,Suru,6.12,66.3
2267,Pindorama,234.34,62.2
2268,Columbia,24.65,88.1
2269,Vahdat,161.58,91.5
2270,Wien,15.53,57.0
2271,Kigali,222.45,87.3
2272,Pashiya,98.35,78.2
2273,Pindorama,138.56,85.0
2274,Pashiya,140.22,90.0
2275,Suru,101.4,72.8
2276,Kigali,69.36,61.2
2277,Tanghu,243.93,97.9
2278,Milagros,195.02,63.6
2279,Kinloch,42.35,57.8
2280,Lilio,53.88,53.9
2281,Eirado,154.44,100.6
2282,Situsari,9.4,88.3
2283,Pindorama,65.31,79.3
2284,Tanghu,42.11,66.8
2285,Milagros,202.12,82.9
2286,Kigali,235.7,87.9
2287,Columbia,66.68,53.7
2288,Columbia,151.56,64.1
2289,Columbia,103.28,72.8
2290,Kigali,115.2,71.0
2291,Vahdat,130.55,56.2
2292,Situsari,84.66,95.0
2293,Padangulaktanding,201.42,73.8
2294,Kigali,12.51,86.6
2295,Pindorama,125.82,103.6
2296,Lilio,101.63,86.2
2297,Wudil,136.19,63.8
2298,Wudil,228.97,90.6
2299,Tanghu,97.81,85.5
2300,Vahdat,145.72,58.7
2301,Lilio,136.63,75.7
2302,Milagros,226.94,72.5
2303,Kigali,60.43,53.7
2304,Wien,9.95,53.9
2305,Eirado,53.64,101.0
2306,Milagros,49.06,89.8
2307,Situsari,135.78,59.5
2308,Pindorama,199.85,63.6
2309,Kinloch,204.92,80.5
2310,Wudil,147.49,92.3
2311,Kinloch,7.55,75.9
2312,Pashiya,75.31,77.3
2313,Kigali,232.26,88.9
2314,Kigali,63.67,86.1
2315,Wudil,35.83,81.7
2316,Vahdat,192.45,58.6
2317,Pashiya,103.86,80.7
2318,Pindorama,189.3,81.6
2319,Suru,25.57,57.9
2320,Kigali,128.99,74.5
2321,Vahdat,112.95,56.5
2322,Pindorama,238.33,73.2
2323,Padangulaktanding,71.15,96.0
2324,Padangulaktanding,77.92,80.7
2325,Eirado,21.17,91.8
2326,Lilio,229.06,94.2
2327,Pindorama,59.22,80.0
2328,Kinloch,49.52,74.6
2329,Padangulaktanding,137.16,84.2
2330,Kinloch,30.04,57.1
2331,Kinloch,76.22,76.0
2332,Pindorama,225.09,65.2
2333,Vahdat,186.77,99.6
2334,Wien,30.02,98.8
2335,Columbia,172.31,78.5
2336,Milagros,179.0,60.1
2337,Situsari,111.68,61.0
2338,Kigali,165.28,88.2
2339,Kigali,84.68,65.7
2340,Padangulaktanding,158.29,53.3
2341,Vahdat,95.52,97.0
2342,Vahdat,125.92,101.7
2343,Pashiya,191.64,57.4
2344,Kigali,74.37,98.9
2345,Pashiya,15.98,84.3
2346,Milagros,231.32,78.5
2347,Kigali,202.94,97.6
2348,Kigali,79.71,70.1
2349,Kigali,90.52,68.2
2350,Kigali,210.8,82.7
2351,Tanghu,188.04,77.6
2352,Columbia,205.52,95.9
2353,Vahdat,22.82,95.1
2354,Lilio,125.04,99.5
2355,Wien,159.99,101.4
2356,Padangulaktanding,203.83,94.9
2357,Milagros,58.85,88.3
2358,Lilio,243.02,93.2
2359,Wudil,59.76,68.7
2360,Pashiya,6.2,64.2
2361,Kinloch,177.4,53.5
2362,Wudil,153.53,72.4
2363,Vahdat,217.79,101.8
2364,Wudil,101.36,97.9
2365,Pashiya,96.19,99.7
2366,Situsari,162.86,75.5
2367,Tanghu,9.16,76.9
2368,Padangulaktanding,105.79,89.0
2369,Pindorama,232.5,78.3
2370,Pindorama,177.43,72.4
2371,Pindorama,187.13,101.5
2372,Vahdat,249.66,99.9
2373,Kinloch,34.95,100.5
2374,Wien,49.89,102.5
2375,Lilio,10.63,102.6
2376,Wien,102.69,63.4
2377,Vahdat,190.54,87.0
2378,Situsari,135.05,102.0
2379,Vahdat,74.1,66.8
2380,Situsari,19.18,68.8
2381,Tanghu,242.83,100.8
2382,Columbia,69.58,83.4
2383,Suru,40.59,93.5
2384,Kigali,138.53,55.3
2385,Kigali,137.94,86.7
2386,Eirado,185.46,60.8
2387,Tanghu,142.62,53.2
2388,Suru,190.73,97.9
2389,Vahdat,179.91,67.3
2390,Situsari,128.83,87.2
2391,Pindorama,74.57,78.7
2392,Padangulaktanding,243.43,97.0
2393,Tanghu,97.2,55.7
2394,Columbia,69.42,71.0
2395,Kigali,132.96,97.1
2396,Vahdat,214.89,87.9
2397,Suru,71.01,95.4
2398,Kigali,174.78,62.6
2399,Tanghu,230.85,68.2
2400,Tanghu,52.52,68.1
2401,Wien,45.39,102.2
2402,Suru,98.4,69.6
2403,Kigali,18.84,63.0
2404,Vahdat,174.93,98.1
2405,Situsari,77.61,66.0
2406,Pindorama,181.86,64.7
2407,Padangulaktanding,97.0,93.4
2408,Pindorama,23.6,71.5
2409,Lilio,217.72,73.7
2410,Wien,190.11,77.3
2411,Vahdat,174.55,81.6
2412,Columbia,194.12,73.6
2413,Milagros,158.3,88.1
2414,Eirado,19.81,80.5
2415,Padangulaktanding,125.18,55.8
2416,Suru,245.72,84.2
2417,Wien,232.06,101.9
2418,Kigali,147.95,99.6
2419,Wudil,145.05,63.9
2420,Suru,249.67,76.2
2421,Vahdat,121.99,54.7
2422,Wudil,17.67,94.8
2423,Milagros,219.15,93.1
2424,Tanghu,110.29,67.1
2425,Situsari,232.74,71.1
2426,Tanghu,177.98,83.1
2427,Lilio,128.03,95.2
2428,Padangulaktanding,34.59,93.3
2429,Padangulaktanding,77.41,79.3
2430,Columbia,11.9,84.9
2431,Pindorama,56.54,60.5
2432,Kinloch,152.53,62.7
2433,Tanghu,155.36,62.2
2434,Pashiya,176.7,73.9
2435,Vahdat,46.09,65.7
2436,Wien,105.94,55.5
2437,Vahdat,93.77,83.2
2438,Kinloch,186.28,75.9
2439,Kinloch,21.31,94.0
2440,Pashiya,32.85,89.3
2441,Lilio,88.86,53.1
2442,Milagros,11.33,84.1
2443,Wudil,175.61,97.5
2444,Lilio,94.8,101.6
2445,Pindorama,200.77,63.4
2446,Vahdat,164.0,79.6
2447,Lilio,7.4,69.5
2448,Columbia,84.34,85.1
2449,Pindorama,101.74,57.9
2450,Suru,175.7,76.6
2451,Situsari,204.92,102.0
2452,Kinloch,88.2,66.1
2453,Kigali,83.75,57.0
2454,Kigali,78.63,85.4
2455,Pindorama,14.9,64.6
2456,Vahdat,136.41,91.7
2457,Kinloch,14.84,76.2
2458,Vahdat,187.76,90.1
2459,Tanghu,76.13,69.9
2460,Eirado,6.44,98.8
2461,Kigali,50.88,100.2
2462,Kinloch,143.46,60.4
2463,Lilio,146.64,75.4
2464,Tanghu,145.6,53.4
2465,Kigali,135.93,94.5
2466,Tanghu,203.53,98.6
2467,Kigali,248.79,67.7
2468,Wien,168.82,100.3
2469,Eirado,51.33,62.9
2470,Padangulaktanding,210.98,68.8
2471,Wudil,221.2,90.6
2472,Columbia,194.37,102.0
2473,Milagros,133.95,64.0
2474,Wien,146.47,66.4
2475,Columbia,199.97,80.8
2476,Eirado,36.26,56.5
2477,Suru,94.18,60.2
2478,Milagros,4.29,103.4
2479,Kigali,229.95,102.7
2480,Situsari,227.12,89.6
2481,Eirado,208.79,62.0
2482,Wudil,201.15,56.9
2483,Columbia,13.4,103.9
2484,Eirado,208.9,75.3
2485,Kigali,163.0,62.4
2486,Pindorama,50.71,76.9
2487,Eirado,152.48,101.3
2488,Wudil,195.78,64.0
2489,Milagros,114.92,84.4
2490,Kinloch,162.44,78.9
2491,Kigali,206.62,95.4
2492,Padangulaktanding,7.5,62.1
2493,Pindorama,90.72,77.9
2494,Pashiya,227.58,90.8
2495,Kigali,110.7,64.9
2496,Kigali,36.5,63.1
2497,Lilio,230.82,100.9
2498,Kigali,241.76,91.4
2499,Situsari,145.44,67.5
2500,Vahdat,50.79,90.8
2501,Wudil,247.79,65.2
2502,Kigali,205.99,63.0
2503,Suru,220.26,56.8
2504,Columbia,209.31,63.1
2505,Kinloch,217.54,100.0
2506,Kinloch,243.74,59.0
2507,Padangulaktanding,102.81,76.9
2508,Kigali,150.82,75.0
2509,Kigali,177.47,97.6
2510,Kigali,140.63,94.8
2511,Kinloch,232.8,102.2
2512,Kigali,213.35,69.3
2513,Milagros,219.08,102.9
2514,Vahdat,95.96,69.6
2515,Lilio,90.96,55.1
2516,Columbia,238.77,55.3
2517,Vahdat,53.45,89.4
2518,Wien,155.95,63.1
2519,Wudil,244.85,81.6
2520,Eirado,192.98,98.8
2521,Situsari,25.89,95.2
2522,Suru,135.88,99.4
2523,Eirado,71.29,98.1
2524,Situsari,237.3,103.0
2525,Vahdat,154.43,69.6
2526,Kigali,33.29,83.7
2527,Milagros,238.49,88.1
2528,Columbia,75.86,76.9
2529,Kinloch,45.79,83.2
2530,Milagros,190.43,90.1
2531,Kigali,36.25,72.3
2532,Kigali,20.21,54.0
2533,Padangulaktanding,197.74,66.9
2534,Milagros,232.6,95.3
2535,Wien,82.98,100.3
2536,Situsari,74.32,96.0
2537,Lilio,160.45,87.6
2538,Kigali,153.91,81.4
2539,Lilio,79.82,77.5
2540,Pashiya,94.61,89.2
2541,Pindorama,175.43,89.9
2542,Kinloch,143.46,64.9
2543,Wien,113.97,86.1
2544,Eirado,25.55,61.0
2545,Pashiya,199.5,80.3
2546,Eirado,126.69,71.6
2547,Pashiya,166.83,63.8
2548,Pindorama,140.4,62.0
2549,Lilio,195.6,75.4
2550,Pashiya,105.92,75.1
2551,Columbia,221.6,83.5
2552,Eirado,242.96,55.2
2553,Kigali,99.12,85.3
2554,Wien,174.93,99.0
2555,Kigali,143.86,69.8
2556,Suru,133.78,78.6
2557,Wien,222.61,79.3
2558,Columbia,87.2,79.8
2559,Tanghu,10.63,62.1
2560,Kigali,244.87,84.3
2561,Kinloch,81.46,62.7
2562,Wudil,46.76,74.5
2563,Vahdat,152.85,67.7
2564,Pashiya,45.86,87.1
2565,Columbia,183.8,84.5
2566,Tanghu,52.4,76.8
2567,Vahdat,87.81,65.0
2568,Milagros,114.17,93.4
2569,Columbia,246.23,56.9
2570,Pindorama,193.54,55.6
2571,Situsari,245.13,60.4
2572,Columbia,7.7,81.1
2573,Vahdat,80.32,70.4
2574,Pindorama,41.02,69.8
2575,Tanghu,243.84,69.4
2576,Lilio,21.97,59.9
2577,Wudil,160.73,87.7
2578,Vahdat,129.1,67.4
2579,Pindorama,62.23,93.2
2580,Pashiya,83.68,57.8
2581,Suru,167.39,93.4
2582,Vahdat,22.26,63.8
2583,Tanghu,49.12,94.8
2584,Wien,215.35,77.0
2585,Pindorama,40.63,79.8
2586,Pashiya,160.21,103.2
2587,Situsari,171.73,69.7
2588,Padangulaktanding,73.7,94.9
2589,Pashiya,223.05,90.9
2590,Pashiya,175.85,92.0
2591,Tanghu,178.64,96.3
2592,Suru,41.76,76.0
2593,Kigali,223.55,65.4
2594,Pindorama,45.28,59.2
2595,Milagros,127.4,85.3
2596,Tanghu,248.27,78.1
2597,Padangulaktanding,21.72,61.9
2598,Eirado,194.58,68.8
2599,Eirado,110.54,69.4
2600,Kinloch,141.14,98.4
2601,Kigali,66.94,60.7
2602,Lilio,240.14,71.6
2603,Kigali,117.3,92.4
2604,Kigali,26.23,53.5
2605,Tanghu,139.94,72.7
2606,Wien,138.64,69.8
2607,Kigali,144.0,98.0
2608,Milagros,162.13,55.6
2609,Padangulaktanding,65.11,71.2
2610,Kinloch,232.79,87.7
2611,Padangulaktanding,142.57,58.5
2612,Kigali,6.42,78.3
2613,Kigali,96.19,56.3
2614,Tanghu,59.14,61.4
2615,Pindorama,157.72,64.1
2616,Kigali,209.16,72.8
2617,Padangulaktanding,45.71,99.5
2618,Kigali,10.79,86.5
2619,Wien,191.63,58.2
2620,Tanghu,241.76,101.0
2621,Wien,214.41,93.4
2622,Pashiya,214.84,102.8
2623,Wien,35.11,64.1
2624,Milagros,227.17,61.8
2625,Padangulaktanding,187.63,81.5
2626,Tanghu,151.05,60.0
2627,Kigali,209.28,99.2
2628,Milagros,192.44,63.6
2629,Suru,120.39,99.1
2630,Milagros,176.65,60.0
2631,Eirado,217.18,85.4
2632,Kigali,13.01,101.2
2633,Pindorama,101.8,89.0
2634,Wudil,40.93,77.9
2635,Suru,215.23,69.2
2636,Suru,172.01,81.1
2637,Pashiya,149.13,66.8
2638,Wien,249.69,87.5
2639,Columbia,234.53,103.6
2640,Suru,125.53,84.8
2641,Vahdat,6.81,70.6
2642,Padangulaktanding,3.68,74.2
2643,Eirado,121.38,83.2
2644,Wudil,243.46,97.2
2645,Suru,133.21,54.5
2646,Kinloch,100.1,90.0
2647,Tanghu,21.08,62.9
2648,Tanghu,49.93,83.9
2649,Columbia,223.43,80.2
2650,Padangulaktanding,137.36,79.8
2651,Wudil,6.81,75.5
2652,Vahdat,81.63,85.4
2653,Pindorama,178.23,53.1
2654,Kigali,218.05,97.8
2655,Wudil,36.77,60.9
2656,Kigali,132.1,58.5
2657,Situsari,109.69,68.0
2658,Padangulaktanding,90.15,86.1
2659,Pindorama,10.0,83.6
2660,Wudil,141.34,74.4
2661,Pashiya,31.29,88.8
2662,Kigali,92.2,88.2
2663,Kigali,172.77,80.5
2664,Columbia,101.49,92.4
2665,Milagros,11.06,66.5
2666,Milagros,118.81,54.2
2667,Eirado,175.1,59.5
2668,Columbia,140.71,70.2
2669,Pindorama,246.11,88.8
2670,Pindorama,222.75,54.0
2671,Eirado,15.48,61.7
2672,Pindorama,247.43,69.1
2673,Eirado,223.15,89.2
2674,Tanghu,94.64,60.3
2675,Tanghu,193.26,89.4
2676,Suru,31.19,65.9
2677,Suru,31.3,92.5
2678,Pindorama,54.93,75.5
2679,Vahdat,154.3,103.1
2680,Lilio,62.47,55.6
2681,Suru,169.54,57.2
2682,Suru,197.89,72.3
2683,Wien,238.92,89.3
2684,Kigali,239.98,102.2
2685,Kigali,11.67,76.6
2686,Padangulaktanding,168.66,72.1
2687,Wudil,237.53,95.5
2688,Situsari,161.26,94.6
2689,Kigali,97.55,57.0
2690,Situsari,178.54,57.0
2691,Padangulaktanding,125.01,95.0
2692,Lilio,114.02,102.8
2693,Columbia,34.4,97.4
2694,Pashiya,223.26,79.4
2695,Pindorama,183.11,57.1
2696,Wudil,142.85,97.2
2697,Kinloch,71.55,77.2
2698,Padangulaktanding,59.08,69.5
2699,Wien,108.63,62.9
2700,Pashiya,48.22,82.9
2701,Situsari,172.31,75.7
2702,Situsari,8.35,67.9
2703,Lilio,5.59,64.5
2704,Columbia,182.17,102.1
2705,Milagros,229.22,80.2
2706,Lilio,210.01,98.7
2707,Pashiya,18.15,68.9
2708,Pindorama,46.06,56.9
2709,Pashiya,238.95,66.2
2710,Kigali,149.33,94.6
2711,Vahdat,143.34,99.5
2712,Milagros,118.02,72.0
2713,Kigali,235.19,69.9
2714,Wien,189.94,80.2
2715,Tanghu,208.16,87.4
2716,Kinloch,5.83,95.5
2717,Milagros,234.22,95.2
2718,Padangulaktanding,183.63,91.8
2719,Kigali,242.59,53.5
2720,Suru,37.6,64.3
2721,Padangulaktanding,139.81,90.9
2722,Lilio,159.38,101.4
2723,Suru,56.3,94.8
2724,Lilio,156.75,77.9
2725,Padangulaktanding,193.03,53.7
2726,Kigali,89.17,98.4
2727,Vahdat,96.85,62.4
2728,Wien,18.58,60.6
2729,Suru,59.68,99.0
2730,Tanghu,124.04,99.6
2731,Vahdat,157.05,75.7
2732,Columbia,179.56,103.9
2733,Padangulaktanding,71.99,88.2
2734,Wudil,6.95,56.1
2735,Pashiya,198.71,68.7
2736,Kigali,48.27,68.6
2737,Tanghu,58.11,89.6
2738,Kinloch,56.22,56.7
2739,Kigali,179.12,103.8
2740,Wudil,216.56,68.3
2741,Situsari,159.35,84.8
2742,Milagros,188.22,93.4
2743,Columbia,13.0,59.9
2744,Milagros,119.73,85.1
2745,Vahdat,168.38,93.0
2746,Wudil,10.92,84.5
2747,Tanghu,50.09,102.5
2748,Kigali,15.92,65.9
2749,Eirado,214.57,95.5
2750,Situsari,153.56,85.0
2751,Padangulaktanding,193.5,60.9
2752,Pindorama,19.67,81.0
2753,Kigali,65.16,61.0
2754,Pindorama,172.11,79.3
2755,Wudil,176.55,95.1
2756,Kigali,158.44,91.3
2757,Pindorama,15.46,70.2
2758,Kigali,188.91,55.5
2759,Suru,4.39,70.4
2760,Lilio,13.51,96.7
2761,Milagros,196.01,58.2
2762,Kigali,189.09,89.1
2763,Wudil,33.96,79.2
2764,Tanghu,24.12,67.4
2765,Suru,160.83,54.0
2766,Suru,8.14,91.9
2767,Lilio,197.04,94.5
2768,Pindorama,150.93,81.3
2769,Kigali,182.53,79.9
2770,Pindorama,6.98,80.5
2771,Kigali,61.19,101.8
2772,Lilio,55.24,69.6
2773,Kigali,187.11,72.4
2774,Kigali,247.31,103.1
2775,Suru,12.01,82.9
2776,Lilio,186.78,90.1
2777,Wien,112.0,69.0
2778,Milagros,132.62,62.5
2779,Pashiya,121.39,98.2
2780,Kigali,62.51,87.2
2781,Kigali,235.93,87.3
2782,Wudil,24.68,73.7
2783,Kigali,15.81,61.4
2784,Milagros,204.1,96.8
2785,Pashiya,121.24,90.6
2786,Pashiya,47.6,60.8
2787,Tanghu,212.71,95.0
2788,Pindorama,140.0,86.1
2789,Wien,80.09,76.2
2790,Suru,20.09,53.2
2791,Wien,113.02,69.1
2792,Eirado,16.32,92.0
2793,Eirado,10.36,69.5
2794,Columbia,176.62,98.1
2795,Milagros,120.7,79.7
2796,Wudil,152.5,55.6
2797,Kigali,22.66,68.1
2798,Kigali,141.58,63.6
2799,Wudil,11.63,56.3
2800,Pindorama,50.18,82.0
2801,Wien,9.0,91.2
2802,Wien,154.15,68.8
2803,Columbia,18.83,102.9
2804,Tanghu,30.2,77.9
2805,Kigali,75.93,70.5
2806,Wien,147.84,96.3
2807,Kigali,63.17,74.8
2808,Suru,195.37,55.5
2809,Kigali,182.11,64.4
2810,Vahdat,122.38,72.4
2811,Kinloch,202.75,55.1
2812,Milagros,128.39,56.9
2813,Wudil,43.57,55.9
2814,Tanghu,160.12,72.9
2815,Wien,84.58,83.9
2816,Kigali,179.11,68.0
2817,Situsari,86.0,58.2
2818,Pindorama,143.98,91.1
2819,Wien,57.05,98.0
2820,Wudil,169.8,56.9
2821,Wien,20.93,81.6
2822,Kigali,34.24,84.2
2823,Eirado,105.29,78.3
2824,Vahdat,242.0,93.6
2825,Wudil,181.58,83.1
2826,Wudil,191.64,73.4
2827,Eirado,66.54,73.3
2828,Kigali,106.82,88.4
2829,Wudil,158.79,55.5
2830,Suru,106.34,73.5
2831,Kigali,77.44,65.9
2832,Situsari,28.11,100.6
2833,Pindorama,241.0,91.1
2834,Tanghu,126.15,55.9
2835,Eirado,51.28,74.0
2836,Kigali,20.19,80.7
2837,Situsari,150.92,98.7
2838,Kigali,54.72,60.6
2839,Wien,220.53,69.4
2840,Tanghu,120.11,59.1
2841,Kigali,216.27,100.7
2842,Kinloch,219.73,58.9
2843,Wien,99.95,100.2
2844,Kigali,221.35,100.1
2845,Kigali,219.26,81.7
2846,Pashiya,21.93,86.4
2847,Kigali,113.65,69.1
2848,Columbia,84.57,97.3
2849,Pashiya,227.11,83.3
2850,Wien,22.79,68.0
2851,Milagros,121.73,65.3
2852,Lilio,109.5,67.3
2853,Pashiya,99.82,82.6
2854,Kigali,249.37,85.7
2855,Pindorama,234.27,69.8
2856,Columbia,248.09,92.3
2857,Tanghu,102.3,73.9
2858,Columbia,214.48,66.6
2859,Kigali,69.83,81.7
2860,Columbia,244.62,75.0
2861,Kinloch,87.21,101.9
2862,Milagros,48.9,54.2
2863,Columbia,193.71,59.7
2864,Pashiya,157.61,90.3
2865,Kigali,206.21,72.6
2866,Situsari,168.04,92.1
2867,Tanghu,172.8,93.8
2868,Wien,167.38,94.4
2869,Kigali,31.21,76.7
2870,Milagros,11.89,64.7
2871,Padangulaktanding,48.68,55.0
2872,Lilio,78.54,71.6
2873,Tanghu,37.82,103.1
2874,Eirado,126.46,86.6
2875,Columbia,22.31,82.9
2876,Kigali,67.8,54.8
2877,Lilio,108.67,104.0
2878,Padangulaktanding,144.77,94.1
2879,Wien,244.54,57.0
2880,Pashiya,34.58,102.3
2881,Eirado,27.66,89.2
2882,Vahdat,112.95,54.2
2883,Suru,31.47,99.9
2884,Lilio,174.45,77.0
2885,Wien,36.04,84.7
2886,Columbia,128.61,86.6
2887,Padangulaktanding,148.7,91.5
2888,Milagros,3.04,65.5
2889,Lilio,142.29,62.9
2890,Wien,131.48,56.5
2891,Columbia,5.59,57.8
2892,Suru,57.43,70.7
2893,Columbia,128.07,71.2
2894,Tanghu,190.04,72.1
2895,Kigali,55.4,54.8
2896,Columbia,168.87,87.9
2897,Wien,181.76,79.0
2898,Tanghu,12.29,71.3
2899,Pashiya,171.01,71.2
2900,Wudil,214.36,54.9
2901,Columbia,85.26,83.7
2902,Wien,145.5,74.1
2903,Pindorama,60.12,77.5
2904,Vahdat,249.83,79.9
2905,Situsari,183.39,77.6
2906,Pindorama,222.83,54.0
2907,Vahdat,72.51,82.3
2908,Tanghu,87.75,85.8
2909,Pindorama,134.71,80.4
2910,Vahdat,107.79,75.2
2911,Situsari,98.89,73.8
2912,Tanghu,219.31,68.9
2913,Eirado,180.73,99.2
2914,Pindorama,62.01,53.5
2915,Wudil,64.32,71.6
2916,Pashiya,67.02,85.9
2917,Suru,43.09,71.1
2918,Kigali,117.29,101.1
2919,Wudil,120.32,85.6
2920,Tanghu,92.03,63.1
2921,Kinloch,67.45,62.3
2922,Eirado,201.02,62.7
2923,Tanghu,238.35,58.4
2924,Lilio,77.25,101.3
2925,Wien,7.58,96.9
2926,Kigali,41.44,93.6
2927,Tanghu,214.49,72.0
2928,Milagros,7.42,56.8
2929,Kigali,192.84,98.2
2930,Eirado,4.2,81.9
2931,Wien,130.66,58.0
2932,Milagros,143.51,91.0
2933,Columbia,238.76,90.0
2934,Milagros,1.09,99.1
2935,Wudil,35.04,59.5
2936,Wien,226.66,79.9
2937,Lilio,230.21,97.0
2938,Kinloch,241.79,72.7
2939,Kigali,158.67,67.4
2940,Pindorama,165.25,78.0
2941,Padangulaktanding,83.96,67.6
2942,Padangulaktanding,191.49,97.0
2943,Kigali,16.73,55.9
2944,Padangulaktanding,46.21,64.6
2945,Suru,147.3,54.5
2946,Kinloch,181.58,61.8
2947,Pashiya,40.56,93.0
2948,Wien,158.67,89.9
2949,Kigali,70.13,66.9
2950,Padangulaktanding,129.13,60.7
2951,Vahdat,6.1,80.4
2952,Pindorama,248.65,68.7
2953,Pindorama,95.17,81.4
2954,Kigali,196.78,62.4
2955,Lilio,48.7,78.9
2956,Kigali,112.11,90.1
2957,Kinloch,178.85,66.0
2958,Padangulaktanding,131.91,58.2
2959,Tanghu,161.0,70.6
2960,Milagros,214.3,100.5
2961,Padangulaktanding,239.89,83.2
2962,Kigali,16.88,84.3
2963,Milagros,76.13,88.3
2964,Situsari,121.01,62.5
2965,Vahdat,138.59,60.2
2966,Pashiya,178.13,60.8
2967,Pashiya,99.81,70.8
2968,Vahdat,131.37,74.0
2969,Kigali,117.25,98.6
2970,Milagros,193.51,58.9
2971,Pashiya,12.92,66.8
2972,Wien,58.83,79.9
2973,Columbia,66.65,83.9
2974,Situsari,227.72,94.4
2975,Suru,243.41,63.5
2976,Wien,124.82,101.9
2977,Pashiya,247.31,55.9
2978,Columbia,35.68,55.2
2979,Columbia,237.17,78.1
2980,Eirado,35.79,70.0
2981,Wudil,190.11,79.8
2982,Wien,176.06,93.3
2983,Lilio,96.56,59.8
2984,Kinloch,93.22,84.0
2985,Lilio,146.88,60.4
2986,Eirado,223.99,80.5
2987,Suru,51.17,102.2
2988,Wien,11.58,72.9
2989,Columbia,110.94,86.8
2990,Lilio,94.14,102.5
2991,Milagros,140.05,79.9
2992,Kigali,234.68,99.8
2993,Vahdat,79.89,102.0
2994,Kigali,98.3,102.2
2995,Kigali,85.85,98.7
2996,Wien,139.54,95.8
2997,Kigali,130.88,94.3
2998,Kinloch,44.73,83.9
2999,Vahdat,176.97,91.9
3000,Kinloch,121.42,88.1
